instance,pdb_id,split,label_confidence,pkd_true,pkd_pred
pdb_00001bj1_K_J,1BJ1,train,chain_matched,8.468521082957745,8.632664
pdb_00001bj1_H_L,1BJ1,train,chain_matched,8.468521082957745,8.632664
pdb_00001bvk_B_A,1BVK,train,chain_matched,7.853871964321762,7.971312
pdb_00001bvk_E_D,1BVK,train,chain_matched,7.853871964321762,7.971312
pdb_00001cz8_Y_X,1CZ8,train,chain_matched,9.958607314841776,9.685351
pdb_00001cz8_H_L,1CZ8,train,chain_matched,9.958607314841776,9.685351
pdb_00001dee_F_E,1DEE,train,chain_matched,6.3979400086720375,6.5015225
pdb_00001dee_D_C,1DEE,train,chain_matched,6.3979400086720375,6.5015225
pdb_00001dee_B_A,1DEE,train,chain_matched,6.3979400086720375,6.7907457
pdb_00001dqj_B_A,1DQJ,train,chain_matched,8.543633966870956,7.479269
pdb_00001e6j_H_L,1E6J,train,chain_matched,7.5376020021010435,7.5601563
pdb_00001eo8_H_L,1EO8,train,chain_matched,8.050609993355087,8.164543
pdb_00001f90_H_L,1F90,test,chain_matched,7.924453038607469,5.8211555
pdb_00001fe8_J_N,1FE8,train,chain_matched,5.698970004336019,5.8211555
pdb_00001fe8_I_M,1FE8,train,chain_matched,5.698970004336019,5.8211555
pdb_00001fe8_H_L,1FE8,train,chain_matched,5.698970004336019,9.533948
pdb_00001fsk_F_E,1FSK,train,chain_matched,9.619788758288394,9.533948
pdb_00001fsk_I_H,1FSK,train,chain_matched,9.619788758288394,9.533948
pdb_00001fsk_C_B,1FSK,train,chain_matched,9.619788758288394,9.533948
pdb_00001fsk_L_K,1FSK,train,chain_matched,9.619788758288394,7.454867
pdb_00001g6v_K_+,1G6V,train,chain_matched,7.142667503568732,7.548431
pdb_00001hh6_B_A,1HH6,test,chain_matched,7.0,7.548431
pdb_00001hh9_B_A,1HH9,test,chain_matched,5.0,10.693791
pdb_00001i8i_B_A,1I8I,train,chain_matched,7.657577319177793,9.250044
pdb_00001i8k_B_A,1I8K,train,chain_matched,7.657577319177793,7.948958
pdb_00001i8m_H_L,1I8M,test,chain_matched,5.568636235841013,8.404904
pdb_00001i8m_B_A,1I8M,test,chain_matched,5.568636235841013,8.404904
pdb_00001iqd_B_A,1IQD,train,chain_matched,10.853871964321762,8.404904
pdb_00001jps_H_L,1JPS,train,chain_matched,10.0,8.404904
pdb_00001jrh_H_L,1JRH,train,chain_matched,7.847711655616943,7.8695154
pdb_00001kxq_F_+,1KXQ,train,chain_matched,8.455931955649724,8.060601
pdb_00001kxq_G_+,1KXQ,train,chain_matched,8.455931955649724,7.1160154
pdb_00001kxq_E_+,1KXQ,train,chain_matched,8.455931955649724,7.1160154
pdb_00001kxq_H_+,1KXQ,train,chain_matched,8.455931955649724,8.839065
pdb_00001kxv_D_+,1KXV,train,chain_matched,7.602059991327962,5.306817
pdb_00001kxv_C_+,1KXV,train,chain_matched,7.602059991327962,6.002062
pdb_00001mlc_D_C,1MLC,train,chain_matched,7.040958607678906,8.64007
pdb_00001mlc_B_A,1MLC,train,chain_matched,7.040958607678906,9.695329
pdb_00001n64_H_L,1N64,train,chain_matched,8.886056647693163,8.941859
pdb_00001nby_B_A,1NBY,train,chain_matched,4.041436116778033,9.593829
pdb_00001nbz_B_A,1NBZ,train,chain_matched,5.97469413473523,9.593829
pdb_00001nca_H_L,1NCA,test,chain_matched,8.080921907623926,10.155312
pdb_00001nl0_H_L,1NL0,train,chain_matched,8.795880017344075,5.5674553
pdb_00001nma_H_L,1NMA,test,chain_matched,7.853871964321762,8.369868
pdb_00001nsn_H_L,1NSN,train,chain_matched,10.0,8.3910055
pdb_00001ob1_E_D,1OB1,test,chain_matched,9.69897000433602,8.3893795
pdb_00001ob1_B_A,1OB1,test,chain_matched,9.69897000433602,4.8910036
pdb_00001op9_A_+,1OP9,train,chain_matched,9.154901959985745,5.961331
pdb_00001p2c_E_D,1P2C,train,chain_matched,10.008773924307503,8.678261
pdb_00001p2c_B_A,1P2C,train,chain_matched,10.008773924307503,8.678261
pdb_00001p4b_H_L,1P4B,train,chain_matched,10.397940008672036,8.296647
pdb_00001pz5_B_A,1PZ5,train,chain_matched,5.3979400086720375,5.9404645
pdb_00001qfu_H_L,1QFU,train,chain_matched,8.522878745280337,5.9404645
pdb_00001qfw_I_M,1QFW,train,chain_matched,8.0,8.272545
pdb_00001ri8_A_+,1RI8,train,chain_matched,8.537602002101044,8.031811
pdb_00001sm3_H_L,1SM3,train,chain_matched,4.619788758288394,7.786739
pdb_00001sy6_H_L,1SY6,train,chain_matched,5.563837352959244,7.062524
pdb_00001tet_H_L,1TET,test,chain_matched,6.080921907623926,7.062524
pdb_00001tzh_B_A,1TZH,train,chain_matched,8.744727494896694,7.062524
pdb_00001tzh_H_L,1TZH,train,chain_matched,8.744727494896694,7.062524
pdb_00001tzi_B_A,1TZI,train,chain_matched,8.0,7.6061816
pdb_00001uwx_M_K,1UWX,train,chain_matched,5.795880017344075,7.636913
pdb_00001uwx_H_L,1UWX,train,chain_matched,5.795880017344075,7.721566
pdb_00001vfb_B_A,1VFB,train,chain_matched,8.431798275933005,8.901983
pdb_00001w72_I_M,1W72,test,chain_matched,7.853871964321762,9.467697
pdb_00001w72_H_L,1W72,test,chain_matched,7.853871964321762,6.6873183
pdb_00001wej_H_L,1WEJ,train,chain_matched,7.801342913045578,6.9394026
pdb_00001yy9_D_C,1YY9,train,chain_matched,8.638272163982407,6.5773373
pdb_00001yyl_R_Q,1YYL,train,chain_matched,8.397940008672037,6.9394026
pdb_00001yyl_H_L,1YYL,train,chain_matched,8.397940008672037,6.5957556
pdb_00001yym_H_L,1YYM,train,chain_matched,5.023191662661934,7.887665
pdb_00001yym_R_Q,1YYM,train,chain_matched,5.023191662661934,7.9487557
pdb_00001za3_B_A,1ZA3,train,chain_matched,7.468521082957745,7.8985877
pdb_00001za3_H_L,1ZA3,train,chain_matched,7.468521082957745,7.863821
pdb_00001zmy_A_+,1ZMY,train,chain_matched,7.2839966563652,7.863821
pdb_00001zv5_A_+,1ZV5,train,chain_matched,8.0,8.472307
pdb_00001zvy_A_+,1ZVY,train,chain_matched,10.0,8.472307
pdb_00002a6d_B_A,2A6D,train,chain_matched,6.823908740944319,7.1285796
pdb_00002a6d_H_L,2A6D,train,chain_matched,6.823908740944319,7.026731
pdb_00002a6i_B_A,2A6I,train,chain_matched,6.920818753952375,7.026731
pdb_00002a6k_B_A,2A6K,train,chain_matched,6.6777807052660805,7.026731
pdb_00002a6k_H_L,2A6K,train,chain_matched,6.6777807052660805,7.026731
pdb_00002aep_H_L,2AEP,test,chain_matched,7.920818753952375,7.026731
pdb_00002aeq_H_L,2AEQ,test,chain_matched,7.920818753952375,7.026731
pdb_00002bdn_H_L,2BDN,train,chain_matched,11.337242168318426,8.35966
pdb_00002dd8_H_L,2DD8,train,chain_matched,7.698970004336019,8.35966
pdb_00002eh8_H_L,2EH8,train,chain_matched,7.958607314841775,7.81309
pdb_00002fjg_B_A,2FJG,train,chain_matched,7.698970004336019,7.062524
pdb_00002fjg_H_L,2FJG,train,chain_matched,7.698970004336019,7.062524
pdb_00002fjh_B_A,2FJH,train,chain_matched,8.42021640338319,7.728155
pdb_00002fjh_H_L,2FJH,train,chain_matched,8.42021640338319,7.062524
pdb_00002fr4_B_A,2FR4,test,chain_matched,5.3979400086720375,8.076297
pdb_00002fr4_H_L,2FR4,test,chain_matched,5.3979400086720375,8.700982
pdb_00002fx7_H_L,2FX7,train,chain_matched,7.698970004336019,7.806027
pdb_00002fx8_K_O,2FX8,train,chain_matched,6.519993057042849,6.489546
pdb_00002fx8_H_L,2FX8,train,chain_matched,6.519993057042849,6.489546
pdb_00002fx8_I_M,2FX8,train,chain_matched,6.519993057042849,8.743409
pdb_00002fx8_J_N,2FX8,train,chain_matched,6.519993057042849,7.607269
pdb_00002fx9_H_L,2FX9,train,chain_matched,7.769551078621726,7.607269
pdb_00002fx9_I_M,2FX9,train,chain_matched,7.769551078621726,7.669222
pdb_00002h9g_B_A,2H9G,train,chain_matched,8.301029995663981,7.062524
pdb_00002h9g_H_L,2H9G,train,chain_matched,8.301029995663981,11.014376
pdb_00002hfg_H_L,2HFG,test,chain_matched,9.221848749616356,3.8875697
pdb_00002hkf_H_L,2HKF,train,chain_matched,6.508638306165727,3.8875697
pdb_00002hrp_H_L,2HRP,test,chain_matched,8.301029995663981,3.8875697
pdb_00002hrp_N_M,2HRP,test,chain_matched,8.301029995663981,3.8875697
pdb_00002i5y_H_L,2I5Y,train,chain_matched,8.568636235841012,6.716934
pdb_00002i5y_R_Q,2I5Y,train,chain_matched,8.568636235841012,6.653145
pdb_00002i60_H_L,2I60,train,chain_matched,8.204815410317575,7.7112412
pdb_00002i60_R_Q,2I60,train,chain_matched,8.204815410317575,7.7112412
pdb_00002iff_H_L,2IFF,train,chain_matched,8.0,7.7112412
pdb_00002j4w_H_L,2J4W,train,chain_matched,9.221848749616356,7.4494624
pdb_00002j5l_C_B,2J5L,train,chain_matched,7.113509274827518,7.057274
pdb_00002j6e_I_M,2J6E,train,chain_matched,6.221848749616356,7.057274
pdb_00002j6e_H_L,2J6E,train,chain_matched,6.221848749616356,7.057274
pdb_00002jel_H_L,2JEL,train,chain_matched,8.431798275933005,7.6695175
pdb_00002jix_F_A,2JIX,train,chain_matched,7.522878745280337,9.519268
pdb_00002jix_D_G,2JIX,train,chain_matched,7.522878745280337,9.519268
pdb_00002jix_H_L,2JIX,train,chain_matched,7.522878745280337,7.396392
pdb_00002ny0_D_C,2NY0,train,chain_matched,6.634512015109101,8.131931
pdb_00002nyy_D_C,2NYY,train,chain_matched,11.605548319173783,8.131931
pdb_00002oqj_B_A,2OQJ,train,chain_matched,3.6989700043360183,8.131931
pdb_00002oqj_K_J,2OQJ,train,chain_matched,3.6989700043360183,8.131931
pdb_00002oqj_E_D,2OQJ,train,chain_matched,3.6989700043360183,8.131931
pdb_00002oqj_H_G,2OQJ,train,chain_matched,3.6989700043360183,8.131931
pdb_00002or9_I_M,2OR9,train,chain_matched,6.301029995663981,8.131931
pdb_00002or9_H_L,2OR9,train,chain_matched,6.301029995663981,8.131931
pdb_00002p42_D_+,2P42,train,chain_matched,7.638272163982407,8.146351
pdb_00002p42_B_+,2P42,train,chain_matched,7.638272163982407,6.149954
pdb_00002p43_B_+,2P43,train,chain_matched,7.638272163982407,8.842262
pdb_00002p44_B_+,2P44,train,chain_matched,7.698970004336019,8.842262
pdb_00002p45_B_+,2P45,train,chain_matched,6.935542010773082,7.42183
pdb_00002p47_B_+,2P47,train,chain_matched,6.935542010773082,7.838169
pdb_00002p48_B_+,2P48,train,chain_matched,6.935542010773082,6.403256
pdb_00002p49_B_+,2P49,train,chain_matched,7.638272163982407,9.734173
pdb_00002p4a_B_+,2P4A,train,chain_matched,9.744727494896694,9.734173
pdb_00002p4a_D_+,2P4A,train,chain_matched,9.744727494896694,8.394377
pdb_00002qhr_H_L,2QHR,train,chain_matched,7.387216143280264,9.149193
pdb_00002qr0_N_M,2QR0,train,chain_matched,8.10790539730952,7.4829907
pdb_00002qr0_X_W,2QR0,train,chain_matched,8.10790539730952,7.4829907
pdb_00002qr0_L_K,2QR0,train,chain_matched,8.10790539730952,7.5143595
pdb_00002qr0_H_G,2QR0,train,chain_matched,8.10790539730952,7.27649
pdb_00002qr0_R_Q,2QR0,train,chain_matched,8.10790539730952,7.490055
pdb_00002qr0_F_E,2QR0,train,chain_matched,8.10790539730952,7.27649
pdb_00002qr0_B_A,2QR0,train,chain_matched,8.10790539730952,7.4829907
pdb_00002qr0_T_S,2QR0,train,chain_matched,8.10790539730952,7.27649
pdb_00002r0l_H_L,2R0L,train,chain_matched,7.835647144215563,9.622671
pdb_00002r0z_H_L,2R0Z,train,chain_matched,5.468521082957745,7.1513643
pdb_00002r56_H_L,2R56,train,chain_matched,8.886056647693163,7.1513643
pdb_00002r56_I_M,2R56,train,chain_matched,8.886056647693163,6.9492345
pdb_00002r8s_H_L,2R8S,train,chain_matched,7.292429823902063,7.554596
pdb_00002uzi_H_L,2UZI,test,chain_matched,8.207608310501746,7.554596
pdb_00002vir_B_A,2VIR,train,chain_matched,9.0,7.554596
pdb_00002vis_B_A,2VIS,train,chain_matched,5.3979400086720375,8.441264
pdb_00002vwe_E_C,2VWE,train,chain_matched,9.943095148663527,8.261669
pdb_00002vwe_L_J,2VWE,train,chain_matched,9.943095148663527,6.3105836
pdb_00002vxq_H_L,2VXQ,train,chain_matched,9.958607314841776,6.1944156
pdb_00002vxt_H_L,2VXT,train,chain_matched,9.273272790973428,6.114961
pdb_00002vyr_I_+,2VYR,train,chain_matched,7.356547323513813,6.4252267
pdb_00002vyr_K_+,2VYR,train,chain_matched,7.356547323513813,5.937078
pdb_00002vyr_G_+,2VYR,train,chain_matched,7.356547323513813,5.937078
pdb_00002vyr_J_+,2VYR,train,chain_matched,7.356547323513813,7.950422
pdb_00002vyr_H_+,2VYR,train,chain_matched,7.356547323513813,7.526894
pdb_00002vyr_E_+,2VYR,train,chain_matched,7.356547323513813,7.94481
pdb_00002vyr_L_+,2VYR,train,chain_matched,7.356547323513813,8.758651
pdb_00002vyr_F_+,2VYR,train,chain_matched,7.356547323513813,8.758651
pdb_00002w9e_H_L,2W9E,train,chain_matched,10.0,8.758651
pdb_00002wub_H_L,2WUB,train,chain_matched,6.823908740944319,8.758651
pdb_00002wub_R_Q,2WUB,train,chain_matched,6.823908740944319,8.758651
pdb_00002wuc_H_L,2WUC,train,chain_matched,6.79317412396815,8.758651
pdb_00002x89_C_+,2X89,train,chain_matched,7.356547323513813,8.758651
pdb_00002x89_A_+,2X89,train,chain_matched,7.356547323513813,8.758651
pdb_00002x89_B_+,2X89,train,chain_matched,7.356547323513813,8.650038
pdb_00002xra_H_L,2XRA,train,chain_matched,8.481486060122112,7.2668395
pdb_00002xtj_D_B,2XTJ,train,chain_matched,8.356547323513812,7.3354216
pdb_00002xzq_H_L,2XZQ,train,chain_matched,6.585026652029182,7.4948545
pdb_00002y06_H_L,2Y06,train,chain_matched,6.096910013008056,6.4937267
pdb_00002y07_H_L,2Y07,train,chain_matched,6.221848749616356,7.5025268
pdb_00002y36_H_L,2Y36,train,chain_matched,6.42021640338319,7.5025268
pdb_00002y6s_H_L,2Y6S,test,chain_matched,6.987162775294828,7.6549397
pdb_00002y6s_D_C,2Y6S,test,chain_matched,6.987162775294828,7.2039323
pdb_00002zpk_H_L,2ZPK,train,chain_matched,5.832682665251824,7.2039323
pdb_00002zpk_I_M,2ZPK,train,chain_matched,5.832682665251824,9.338804
pdb_00003a67_H_L,3A67,train,chain_matched,8.250263684430939,8.52452
pdb_00003a6b_H_L,3A6B,train,chain_matched,6.966576244513051,9.432563
pdb_00003a6c_H_L,3A6C,train,chain_matched,8.146301788223825,9.432563
pdb_00003b2u_N_O,3B2U,train,chain_matched,9.0,9.432563
pdb_00003b2u_C_D,3B2U,train,chain_matched,9.0,9.432563
pdb_00003b2u_J_K,3B2U,train,chain_matched,9.0,8.5838175
pdb_00003b2u_H_L,3B2U,train,chain_matched,9.0,8.5838175
pdb_00003b2u_W_X,3B2U,train,chain_matched,9.0,7.1082006
pdb_00003b2u_Q_R,3B2U,train,chain_matched,9.0,7.1082006
pdb_00003b2u_F_G,3B2U,train,chain_matched,9.0,7.5022073
pdb_00003b2u_T_U,3B2U,train,chain_matched,9.0,5.286915
pdb_00003b2v_H_L,3B2V,train,chain_matched,8.481486060122112,7.115926
pdb_00003bdy_H_L,3BDY,train,chain_matched,6.522878745280337,7.0106325
pdb_00003bgf_B_C,3BGF,train,chain_matched,7.585026652029182,10.11182
pdb_00003bgf_H_L,3BGF,train,chain_matched,7.585026652029182,8.595613
pdb_00003bky_H_L,3BKY,train,chain_matched,6.361510743045363,8.595613
pdb_00003c09_H_L,3C09,train,chain_matched,7.366531544420414,5.6615024
pdb_00003c09_C_B,3C09,train,chain_matched,7.366531544420414,5.6615024
pdb_00003dvg_B_A,3DVG,train,chain_matched,8.060480747381382,10.948104
pdb_00003dvn_H_L,3DVN,train,chain_matched,7.036212172654444,8.04926
pdb_00003dvn_B_A,3DVN,train,chain_matched,7.036212172654444,8.04926
pdb_00003e8u_H_L,3E8U,train,chain_matched,9.69897000433602,5.5767684
pdb_00003eba_A_+,3EBA,train,chain_matched,8.627087997029893,5.5767684
pdb_00003eo1_B_A,3EO1,train,chain_matched,9.602059991327964,6.8313184
pdb_00003eo1_E_D,3EO1,train,chain_matched,9.602059991327964,6.8959475
pdb_00003eo1_H_G,3EO1,train,chain_matched,9.602059991327964,7.1186485
pdb_00003eo1_K_J,3EO1,train,chain_matched,9.602059991327964,7.1186485
pdb_00003eoa_H_L,3EOA,train,chain_matched,8.657577319177793,7.5607977
pdb_00003eoa_B_A,3EOA,train,chain_matched,8.657577319177793,7.5607977
pdb_00003eyf_D_C,3EYF,train,chain_matched,7.026872146400302,7.5607977
pdb_00003eyf_B_A,3EYF,train,chain_matched,7.026872146400302,7.5607977
pdb_00003eyu_H_L,3EYU,train,chain_matched,7.619788758288394,6.9440875
pdb_00003fn0_H_L,3FN0,train,chain_matched,4.3979400086720375,6.9440875
pdb_00003g5v_B_A,3G5V,train,chain_matched,7.070581074285707,8.941749
pdb_00003g5y_B_A,3G5Y,train,chain_matched,6.812479279163537,10.096473
pdb_00003g6d_H_L,3G6D,train,chain_matched,10.735182176990463,9.897463
pdb_00003g6j_H_G,3G6J,train,chain_matched,8.721246399047171,9.897463
pdb_00003g6j_F_E,3G6J,train,chain_matched,8.721246399047171,9.041807
pdb_00003ggw_B_A,3GGW,train,chain_matched,5.537602002101044,8.2138
pdb_00003ggw_D_C,3GGW,train,chain_matched,5.537602002101044,8.090316
pdb_00003ghe_H_L,3GHE,test,chain_matched,5.886056647693163,6.3561563
pdb_00003gjf_M_K,3GJF,test,chain_matched,7.200659450546418,7.351931
pdb_00003gjf_H_L,3GJF,test,chain_matched,7.200659450546418,7.3523283
pdb_00003h42_H_L,3H42,train,chain_matched,11.397940008672036,7.3523283
pdb_00003hae_T_S,3HAE,test,chain_matched,7.337242168318426,7.3523283
pdb_00003hae_I_G,3HAE,test,chain_matched,7.337242168318426,7.351931
pdb_00003hae_H_L,3HAE,test,chain_matched,7.337242168318426,7.3892508
pdb_00003hae_O_N,3HAE,test,chain_matched,7.337242168318426,7.431425
pdb_00003hi1_B_A,3HI1,train,chain_matched,7.950781977329818,7.3523283
pdb_00003hi1_H_L,3HI1,train,chain_matched,7.950781977329818,7.4846706
pdb_00003hi6_X_Y,3HI6,train,chain_matched,5.327902142064283,8.239188
pdb_00003hi6_H_L,3HI6,train,chain_matched,5.327902142064283,9.137517
pdb_00003iet_B_A,3IET,train,chain_matched,6.853871964321762,9.453275
pdb_00003iet_D_C,3IET,train,chain_matched,6.853871964321762,9.453275
pdb_00003ifo_A_B,3IFO,train,chain_matched,7.263603497723357,7.8017964
pdb_00003ifo_H_L,3IFO,train,chain_matched,7.263603497723357,7.8017964
pdb_00003ifp_E_F,3IFP,train,chain_matched,7.610833915635467,7.8017964
pdb_00003ifp_C_D,3IFP,train,chain_matched,7.610833915635467,7.8017964
pdb_00003ifp_A_B,3IFP,train,chain_matched,7.610833915635467,8.806854
pdb_00003ifp_H_L,3IFP,train,chain_matched,7.610833915635467,8.806854
pdb_00003ixt_H_L,3IXT,train,chain_matched,6.617982957425132,8.806854
pdb_00003ixt_A_B,3IXT,train,chain_matched,6.617982957425132,9.34516
pdb_00003k2u_H_L,3K2U,train,chain_matched,9.795880017344077,8.840634
pdb_00003kr3_H_L,3KR3,train,chain_matched,10.309803919971486,7.829445
pdb_00003l5w_B_A,3L5W,train,chain_matched,10.267606240177033,7.829445
pdb_00003l5w_H_L,3L5W,train,chain_matched,10.267606240177033,7.8016176
pdb_00003lev_H_L,3LEV,train,chain_matched,9.221848749616356,7.8227615
pdb_00003lh2_K_O,3LH2,train,chain_matched,8.2518119729938,7.9294395
pdb_00003lh2_J_N,3LH2,train,chain_matched,8.2518119729938,8.290814
pdb_00003lqa_H_L,3LQA,train,chain_matched,5.795880017344075,8.290814
pdb_00003lrh_+_I,3LRH,train,chain_matched,7.346787486224656,8.290814
pdb_00003lrh_+_A,3LRH,train,chain_matched,7.346787486224656,8.290814
pdb_00003lrh_+_K,3LRH,train,chain_matched,7.346787486224656,7.2221055
pdb_00003lrh_+_G,3LRH,train,chain_matched,7.346787486224656,7.2221055
pdb_00003lrh_+_M,3LRH,train,chain_matched,7.346787486224656,8.75443
pdb_00003lrh_+_E,3LRH,train,chain_matched,7.346787486224656,8.709008
pdb_00003lrh_+_O,3LRH,train,chain_matched,7.346787486224656,8.873658
pdb_00003lrh_+_C,3LRH,train,chain_matched,7.346787486224656,8.313431
pdb_00003mac_H_L,3MAC,train,chain_matched,6.698970004336019,9.268473
pdb_00003mj9_H_L,3MJ9,train,chain_matched,8.114073660198569,9.301783
pdb_00003mxw_H_L,3MXW,train,chain_matched,9.154901959985745,8.76817
pdb_00003nfp_A_B,3NFP,train,chain_matched,9.568636235841012,8.76817
pdb_00003nfp_H_L,3NFP,train,chain_matched,9.568636235841012,7.8614273
pdb_00003nh7_K_O,3NH7,train,chain_matched,7.698970004336019,8.308286
pdb_00003nh7_J_N,3NH7,train,chain_matched,7.698970004336019,8.308286
pdb_00003nh7_H_L,3NH7,train,chain_matched,7.698970004336019,8.09289
pdb_00003nh7_I_M,3NH7,train,chain_matched,7.698970004336019,6.7968206
pdb_00003o6l_H_L,3O6L,test,chain_matched,7.508638306165727,9.858847
pdb_00003o6m_H_L,3O6M,test,chain_matched,7.481486060122113,7.8983965
pdb_00003ogo_H_+,3OGO,train,chain_matched,8.853871964321762,7.8983965
pdb_00003ogo_G_+,3OGO,train,chain_matched,8.853871964321762,9.010713
pdb_00003ogo_F_+,3OGO,train,chain_matched,8.853871964321762,9.010713
pdb_00003p0g_B_+,3P0G,train,chain_matched,10.075720713938118,9.010713
pdb_00003p0y_H_L,3P0Y,train,chain_matched,8.71669877129645,9.311051
pdb_00003p9w_H_+,3P9W,train,chain_matched,7.795880017344075,9.309811
pdb_00003p9w_F_+,3P9W,train,chain_matched,7.795880017344075,9.309811
pdb_00003p9w_B_+,3P9W,train,chain_matched,7.795880017344075,9.230977
pdb_00003p9w_D_+,3P9W,train,chain_matched,7.795880017344075,9.230977
pdb_00003pp4_H_L,3PP4,train,chain_matched,5.154901959985743,6.942857
pdb_00003q3g_H_F,3Q3G,train,chain_matched,8.303643611266669,10.854453
pdb_00003q3g_B_A,3Q3G,train,chain_matched,8.303643611266669,10.854453
pdb_00003q3g_K_J,3Q3G,train,chain_matched,8.303643611266669,10.645407
pdb_00003q3g_D_C,3Q3G,train,chain_matched,8.303643611266669,10.645407
pdb_00003qsk_B_+,3QSK,test,chain_matched,7.0,10.931994
pdb_00003qwo_A_B,3QWO,train,chain_matched,7.060480747381382,10.931994
pdb_00003qwo_H_L,3QWO,train,chain_matched,7.060480747381382,7.322746
pdb_00003r1g_H_L,3R1G,test,chain_matched,8.886056647693163,9.494413
pdb_00003rkd_H_L,3RKD,test,chain_matched,8.229884705212898,9.494413
pdb_00003rkd_D_C,3RKD,test,chain_matched,8.229884705212898,8.596676
pdb_00003ru8_H_L,3RU8,test,chain_matched,7.474955192963154,8.821531
pdb_00003sdy_H_L,3SDY,train,chain_matched,9.0,9.96085
pdb_00003skj_I_M,3SKJ,train,chain_matched,9.09151498112135,8.0529995
pdb_00003skj_H_L,3SKJ,train,chain_matched,9.09151498112135,8.0529995
pdb_00003sqo_H_L,3SQO,train,chain_matched,11.30102999566398,8.456502
pdb_00003t2n_I_M,3T2N,test,chain_matched,7.400116927926312,8.963672
pdb_00003t2n_H_L,3T2N,test,chain_matched,7.400116927926312,7.7239757
pdb_00003u0t_D_C,3U0T,train,chain_matched,9.522878745280336,7.959135
pdb_00003u0t_B_A,3U0T,train,chain_matched,9.522878745280336,8.059705
pdb_00003uaj_C_D,3UAJ,train,chain_matched,8.537602002101044,8.059705
pdb_00003uaj_H_L,3UAJ,train,chain_matched,8.537602002101044,7.830731
pdb_00003uyr_H_L,3UYR,train,chain_matched,6.896196279044043,7.706746
pdb_00003v6z_C_D,3V6Z,train,chain_matched,8.481486060122112,7.706746
pdb_00003v6z_A_B,3V6Z,train,chain_matched,8.481486060122112,5.698099
pdb_00003ve0_A_B,3VE0,test,chain_matched,5.7121982700697735,5.698099
pdb_00003vg9_C_B,3VG9,train,chain_matched,8.356547323513812,5.698099
pdb_00003vw3_H_L,3VW3,train,chain_matched,6.657577319177793,5.698099
pdb_00003wd5_H_L,3WD5,train,chain_matched,9.939302159646388,8.202976
pdb_00003wih_H_L,3WIH,train,chain_matched,7.721246399047171,8.202976
pdb_00003wih_I_M,3WIH,train,chain_matched,7.721246399047171,8.21496
pdb_00004aei_I_M,4AEI,train,chain_matched,9.096910013008056,8.202976
pdb_00004aei_H_L,4AEI,train,chain_matched,9.096910013008056,8.21496
pdb_00004aei_J_N,4AEI,train,chain_matched,9.096910013008056,7.79803
pdb_00004al8_H_L,4AL8,train,chain_matched,9.346787486224656,7.9167166
pdb_00004am0_H_L,4AM0,train,chain_matched,9.3767507096021,6.9890027
pdb_00004am0_C_D,4AM0,train,chain_matched,9.3767507096021,7.725921
pdb_00004am0_E_F,4AM0,train,chain_matched,9.3767507096021,7.725921
pdb_00004am0_A_B,4AM0,train,chain_matched,9.3767507096021,8.553553
pdb_00004bkl_A_B,4BKL,train,chain_matched,6.562249437179612,8.682868
pdb_00004cmh_B_C,4CMH,test,chain_matched,9.69897000433602,8.5415745
pdb_00004cni_H_L,4CNI,train,chain_matched,11.0,9.610294
pdb_00004cni_A_B,4CNI,train,chain_matched,11.0,7.554081
pdb_00004d9q_E_D,4D9Q,train,chain_matched,10.522878745280336,7.554081
pdb_00004d9q_H_L,4D9Q,train,chain_matched,10.522878745280336,7.9994955
pdb_00004d9r_E_D,4D9R,train,chain_matched,11.397940008672036,8.690928
pdb_00004d9r_H_L,4D9R,train,chain_matched,11.397940008672036,8.067096
pdb_00004dgi_H_L,4DGI,train,chain_matched,6.346787486224656,8.067096
pdb_00004dke_I_M,4DKE,train,chain_matched,9.920818753952377,7.845395
pdb_00004dke_H_L,4DKE,train,chain_matched,9.920818753952377,8.327284
pdb_00004dkf_H_L,4DKF,train,chain_matched,8.508638306165727,8.489813
pdb_00004dn4_H_L,4DN4,train,chain_matched,10.42021640338319,8.489813
pdb_00004dtg_H_L,4DTG,train,chain_matched,10.136677139879543,8.195653
pdb_00004eig_B_+,4EIG,test,chain_matched,9.0,8.195653
pdb_00004eiz_D_+,4EIZ,test,chain_matched,8.522878745280337,7.7614574
pdb_00004eiz_C_+,4EIZ,test,chain_matched,8.522878745280337,6.684349
pdb_00004f37_H_L,4F37,train,chain_matched,8.259637310505756,6.684349
pdb_00004f37_F_K,4F37,train,chain_matched,8.259637310505756,7.2313547
pdb_00004f3f_B_A,4F3F,train,chain_matched,9.142667503568733,6.8248053
pdb_00004fqi_H_L,4FQI,train,chain_matched,9.045757490560677,6.8248053
pdb_00004fqj_H_L,4FQJ,train,chain_matched,9.045757490560677,9.842713
pdb_00004g3y_H_L,4G3Y,train,chain_matched,8.060480747381382,9.842713
pdb_00004g6f_B_D,4G6F,train,chain_matched,7.769551078621726,7.1039114
pdb_00004g6f_H_L,4G6F,train,chain_matched,7.769551078621726,8.907573
pdb_00004g6j_H_L,4G6J,test,chain_matched,8.387216143280265,7.2198944
pdb_00004g6m_H_L,4G6M,test,chain_matched,9.537602002101044,7.2485995
pdb_00004gms_I_M,4GMS,train,chain_matched,7.698970004336019,8.262269
pdb_00004gms_H_L,4GMS,train,chain_matched,7.698970004336019,8.09994
pdb_00004gms_J_N,4GMS,train,chain_matched,7.698970004336019,7.788301
pdb_00004gw1_D_C,4GW1,train,chain_matched,6.366531544420414,5.698099
pdb_00004gw1_B_A,4GW1,train,chain_matched,6.366531544420414,5.698099
pdb_00004gw5_B_A,4GW5,train,chain_matched,5.455931955649724,8.619317
pdb_00004gw5_D_C,4GW5,train,chain_matched,5.455931955649724,8.619317
pdb_00004gxu_U_V,4GXU,train,chain_matched,8.204815410317575,8.642121
pdb_00004gxu_S_T,4GXU,train,chain_matched,8.204815410317575,8.916428
pdb_00004gxu_M_N,4GXU,train,chain_matched,8.204815410317575,8.779059
pdb_00004gxu_O_P,4GXU,train,chain_matched,8.204815410317575,9.347593
pdb_00004gxu_Q_R,4GXU,train,chain_matched,8.204815410317575,9.279777
pdb_00004gxu_W_X,4GXU,train,chain_matched,8.204815410317575,8.915136
pdb_00004h88_H_L,4H88,train,chain_matched,8.537602002101044,9.96572
pdb_00004hix_H_L,4HIX,train,chain_matched,6.82102305270683,9.96572
pdb_00004hj0_P_Q,4HJ0,train,chain_matched,7.638272163982407,8.321449
pdb_00004hj0_C_D,4HJ0,train,chain_matched,7.638272163982407,8.554525
pdb_00004hlz_G_H,4HLZ,train,chain_matched,8.698970004336019,8.540628
pdb_00004hlz_K_L,4HLZ,train,chain_matched,8.698970004336019,8.716101
pdb_00004hlz_I_J,4HLZ,train,chain_matched,8.698970004336019,10.6064205
pdb_00004hpy_H_L,4HPY,train,chain_matched,9.920818753952377,10.6064205
pdb_00004hs6_H_L,4HS6,train,chain_matched,7.522878745280337,7.7790055
pdb_00004hs6_B_A,4HS6,train,chain_matched,7.522878745280337,8.745382
pdb_00004hs8_H_L,4HS8,train,chain_matched,7.920818753952375,8.654475
pdb_00004hwb_H_L,4HWB,train,chain_matched,9.244125144327509,8.596156
pdb_00004i2x_D_C,4I2X,train,chain_matched,5.920818753952375,8.730194
pdb_00004i2x_B_A,4I2X,train,chain_matched,5.920818753952375,9.933941
pdb_00004i3r_H_L,4I3R,train,chain_matched,7.924453038607469,8.177675
pdb_00004idj_H_L,4IDJ,test,chain_matched,11.769551078621726,10.598459
pdb_00004iof_E_F,4IOF,train,chain_matched,8.397940008672037,8.925459
pdb_00004j4p_H_L,4J4P,train,chain_matched,7.397940008672037,10.129015
pdb_00004j4p_C_D,4J4P,train,chain_matched,7.397940008672037,10.293335
pdb_00004j8r_D_C,4J8R,train,chain_matched,7.698970004336019,7.7234316
pdb_00004j8r_B_A,4J8R,train,chain_matched,7.698970004336019,7.8409877
pdb_00004jan_H_L,4JAN,train,chain_matched,7.698970004336019,7.615738
pdb_00004jfx_H_L,4JFX,train,chain_matched,6.443697499232712,7.945718
pdb_00004jfx_B_A,4JFX,train,chain_matched,6.443697499232712,7.974866
pdb_00004jfz_H_L,4JFZ,train,chain_matched,7.1487416512809245,9.394004
pdb_00004jg0_H_L,4JG0,train,chain_matched,6.764471553092451,7.848654
pdb_00004jg1_H_L,4JG1,train,chain_matched,6.634512015109101,7.848654
pdb_00004jlr_H_L,4JLR,train,chain_matched,10.52432881167557,7.848654
pdb_00004jlr_A_B,4JLR,train,chain_matched,10.52432881167557,7.848654
pdb_00004jpk_H_L,4JPK,train,chain_matched,7.356547323513812,7.848654
pdb_00004k3j_H_L,4K3J,train,chain_matched,8.920818753952375,7.6328
pdb_00004kfz_D_+,4KFZ,train,chain_matched,7.026872146400302,7.6328
pdb_00004kfz_C_+,4KFZ,train,chain_matched,7.026872146400302,8.169753
pdb_00004kht_H_L,4KHT,train,chain_matched,8.366531544420413,6.464066
pdb_00004khx_H_L,4KHX,train,chain_matched,8.3767507096021,9.541446
pdb_00004krl_B_+,4KRL,train,chain_matched,7.327902142064283,9.615523
pdb_00004kro_D_C,4KRO,train,chain_matched,6.559090917934782,10.677676
pdb_00004krp_D_C,4KRP,train,chain_matched,6.779891911959945,10.571753
pdb_00004kxz_N_M,4KXZ,train,chain_matched,8.522878745280337,8.482901
pdb_00004kxz_H_L,4KXZ,train,chain_matched,8.522878745280337,8.505297
pdb_00004kxz_J_I,4KXZ,train,chain_matched,8.522878745280337,5.5641894
pdb_00004kxz_Q_P,4KXZ,train,chain_matched,8.522878745280337,5.5641894
pdb_00004kze_H_L,4KZE,test,chain_matched,7.602059991327962,8.090515
pdb_00004leo_A_B,4LEO,train,chain_matched,9.30102999566398,8.090515
pdb_00004liq_H_L,4LIQ,train,chain_matched,9.69897000433602,8.090515
pdb_00004lmq_H_L,4LMQ,train,chain_matched,9.034798298974088,7.791541
pdb_00004lmq_E_I,4LMQ,train,chain_matched,9.034798298974088,8.090515
pdb_00004lu5_I_M,4LU5,train,chain_matched,10.18111458540599,8.090515
pdb_00004lu5_H_L,4LU5,train,chain_matched,10.18111458540599,8.090515
pdb_00004m1d_H_L,4M1D,test,chain_matched,7.638272163982407,8.090515
pdb_00004m1d_I_M,4M1D,test,chain_matched,7.638272163982407,8.090515
pdb_00004m1g_H_L,4M1G,test,chain_matched,7.841637507904751,8.090515
pdb_00004m5z_H_L,4M5Z,train,chain_matched,8.301029995663981,8.090515
pdb_00004m62_I_M,4M62,train,chain_matched,8.590066876668706,8.090515
pdb_00004m62_H_L,4M62,train,chain_matched,8.590066876668706,7.9682126
pdb_00004n8c_H_L,4N8C,test,chain_matched,9.397940008672036,8.090515
pdb_00004n8c_I_M,4N8C,test,chain_matched,9.397940008672036,8.098482
pdb_00004n9g_M_N,4N9G,train,chain_matched,9.48678239993206,8.090515
pdb_00004np4_I_M,4NP4,train,chain_matched,10.721246399047171,8.501628
pdb_00004np4_H_L,4NP4,train,chain_matched,10.721246399047171,8.501628
pdb_00004o4y_H_L,4O4Y,train,chain_matched,7.809668301829708,7.079416
pdb_00004od2_B_A,4OD2,train,chain_matched,9.036212172654444,7.928218
pdb_00004odx_A_L,4ODX,train,chain_matched,8.686132779630846,8.970828
pdb_00004odx_H_B,4ODX,train,chain_matched,8.686132779630846,7.9117537
pdb_00004onf_H_L,4ONF,train,chain_matched,8.920818753952375,8.20262
pdb_00004p59_H_L,4P59,train,chain_matched,10.494850021680094,8.609382
pdb_00004pgj_A_+,4PGJ,train,chain_matched,7.585026652029182,8.697922
pdb_00004ps4_H_L,4PS4,train,chain_matched,11.244125144327509,8.697922
pdb_00004py8_I_J,4PY8,train,chain_matched,9.0,8.702487
pdb_00004qci_B_A,4QCI,train,chain_matched,10.55284196865778,6.8653755
pdb_00004qci_H_L,4QCI,train,chain_matched,10.55284196865778,6.8653755
pdb_00004qti_H_L,4QTI,train,chain_matched,7.764471553092451,10.253034
pdb_00004qxt_A_B,4QXT,train,chain_matched,7.795880017344075,10.253034
pdb_00004qy8_A_B,4QY8,train,chain_matched,7.1938200260161125,10.718186
pdb_00004qyo_A_B,4QYO,train,chain_matched,8.221848749616356,10.516311
pdb_00004r3s_A_B,4R3S,train,chain_matched,8.221848749616356,10.718186
pdb_00004r8w_H_L,4R8W,train,chain_matched,9.73754891026957,10.718186
pdb_00004rdq_G_F,4RDQ,train,chain_matched,7.823908740944319,10.718186
pdb_00004rdq_I_H,4RDQ,train,chain_matched,7.823908740944319,10.718186
pdb_00004rdq_M_L,4RDQ,train,chain_matched,7.823908740944319,8.900128
pdb_00004rdq_O_N,4RDQ,train,chain_matched,7.823908740944319,8.271675
pdb_00004rdq_K_J,4RDQ,train,chain_matched,7.823908740944319,8.271675
pdb_00004rgm_H_L,4RGM,train,chain_matched,7.640164517660112,8.337716
pdb_00004rgm_C_B,4RGM,train,chain_matched,7.640164517660112,10.543067
pdb_00004rgo_H_L,4RGO,train,chain_matched,8.102372908709558,10.543067
pdb_00004ris_H_L,4RIS,train,chain_matched,6.045757490560675,11.695848
pdb_00004u6h_C_D,4U6H,train,chain_matched,10.040958607678906,9.692717
pdb_00004u6h_A_B,4U6H,train,chain_matched,10.040958607678906,9.692717
pdb_00004uu9_H_L,4UU9,train,chain_matched,10.853871964321762,9.100919
pdb_00004uu9_A_B,4UU9,train,chain_matched,10.853871964321762,9.100919
pdb_00004w6w_B_+,4W6W,train,chain_matched,8.447331783887806,5.571088
pdb_00004w6y_B_+,4W6Y,train,chain_matched,8.801342913045577,5.571088
pdb_00004wen_B_+,4WEN,test,chain_matched,7.0,7.261877
pdb_00004weu_D_+,4WEU,train,chain_matched,5.2441251443275085,7.1824527
pdb_00004weu_E_+,4WEU,train,chain_matched,5.2441251443275085,8.55961
pdb_00004wht_S_T,4WHT,train,chain_matched,8.102372908709558,7.182579
pdb_00004wht_M_N,4WHT,train,chain_matched,8.102372908709558,9.025559
pdb_00004wht_Q_R,4WHT,train,chain_matched,8.102372908709558,9.025559
pdb_00004wht_G_H,4WHT,train,chain_matched,8.102372908709558,8.318995
pdb_00004wht_K_L,4WHT,train,chain_matched,8.102372908709558,8.358934
pdb_00004wht_C_D,4WHT,train,chain_matched,8.102372908709558,8.318995
pdb_00004wht_E_F,4WHT,train,chain_matched,8.102372908709558,7.08382
pdb_00004wht_U_V,4WHT,train,chain_matched,8.102372908709558,7.08382
pdb_00004wht_A_B,4WHT,train,chain_matched,8.102372908709558,8.091554
pdb_00004wht_O_P,4WHT,train,chain_matched,8.102372908709558,8.091554
pdb_00004wht_X_Y,4WHT,train,chain_matched,8.102372908709558,6.474327
pdb_00004wht_I_J,4WHT,train,chain_matched,8.102372908709558,8.09828
pdb_00004why_G_H,4WHY,train,chain_matched,8.102372908709558,8.09828
pdb_00004why_M_N,4WHY,train,chain_matched,8.102372908709558,8.09828
pdb_00004why_K_L,4WHY,train,chain_matched,8.102372908709558,7.5917983
pdb_00004why_I_J,4WHY,train,chain_matched,8.102372908709558,5.698099
pdb_00004wuu_E_D,4WUU,test,chain_matched,7.87942606879415,5.698099
pdb_00004wv1_E_D,4WV1,train,chain_matched,8.585026652029182,5.698099
pdb_00004wv1_B_A,4WV1,train,chain_matched,8.585026652029182,11.1640005
pdb_00004wy7_H_L,4WY7,train,chain_matched,6.777283528852417,11.1640005
pdb_00004x7d_D_+,4X7D,test,chain_matched,8.455931955649724,8.10022
pdb_00004x7e_C_+,4X7E,test,chain_matched,8.154901959985743,5.698099
pdb_00004x7f_D_+,4X7F,train,chain_matched,7.552841968657781,10.905524
pdb_00004x7s_H_L,4X7S,train,chain_matched,8.0,10.69348
pdb_00004xgz_O_P,4XGZ,test,chain_matched,7.619788758288394,10.905524
pdb_00004xgz_J_K,4XGZ,test,chain_matched,7.619788758288394,8.138805
pdb_00004xgz_M_N,4XGZ,test,chain_matched,7.619788758288394,8.487551
pdb_00004xgz_G_I,4XGZ,test,chain_matched,7.619788758288394,7.8090534
pdb_00004xgz_H_L,4XGZ,test,chain_matched,7.619788758288394,9.7618475
pdb_00004xgz_C_D,4XGZ,test,chain_matched,7.619788758288394,9.7618475
pdb_00004xgz_S_T,4XGZ,test,chain_matched,7.619788758288394,5.698099
pdb_00004xgz_W_X,4XGZ,test,chain_matched,7.619788758288394,5.698099
pdb_00004xgz_U_V,4XGZ,test,chain_matched,7.619788758288394,5.698099
pdb_00004xgz_Q_R,4XGZ,test,chain_matched,7.619788758288394,5.698099
pdb_00004xgz_A_B,4XGZ,test,chain_matched,7.619788758288394,10.270053
pdb_00004xgz_E_F,4XGZ,test,chain_matched,7.619788758288394,10.270053
pdb_00004xnm_B_A,4XNM,train,chain_matched,8.096910013008056,10.270053
pdb_00004xnm_H_L,4XNM,train,chain_matched,8.096910013008056,10.270053
pdb_00004y8d_C_+,4Y8D,test,chain_matched,8.050609993355087,5.698099
pdb_00004yhp_A_B,4YHP,train,chain_matched,8.698970004336019,5.698099
pdb_00004yhp_H_L,4YHP,train,chain_matched,8.698970004336019,5.877969
pdb_00004yhp_C_D,4YHP,train,chain_matched,8.698970004336019,5.698099
pdb_00004yhp_E_F,4YHP,train,chain_matched,8.698970004336019,5.698099
pdb_00004yk4_Z_Y,4YK4,train,chain_matched,6.438898616350944,5.877969
pdb_00004yk4_C_B,4YK4,train,chain_matched,6.438898616350944,5.877969
pdb_00004ypg_H_L,4YPG,train,chain_matched,10.356547323513812,5.698099
pdb_00004ypg_B_A,4YPG,train,chain_matched,10.356547323513812,5.698099
pdb_00004z5r_B_A,4Z5R,train,chain_matched,10.744727494896694,7.614836
pdb_00004z5r_Z_Y,4Z5R,train,chain_matched,10.744727494896694,7.614836
pdb_00004z5r_M_L,4Z5R,train,chain_matched,10.744727494896694,6.9269857
pdb_00004z5r_K_J,4Z5R,train,chain_matched,10.744727494896694,7.7734404
pdb_00004z5r_S_R,4Z5R,train,chain_matched,10.744727494896694,5.698099
pdb_00004z5r_U_T,4Z5R,train,chain_matched,10.744727494896694,5.698099
pdb_00004z9k_B_+,4Z9K,train,chain_matched,8.657577319177793,6.510956
pdb_00004zff_A_B,4ZFF,train,chain_matched,8.301029995663981,6.574841
pdb_00004zff_H_L,4ZFF,train,chain_matched,8.301029995663981,5.698099
pdb_00004zfg_H_L,4ZFG,train,chain_matched,8.301029995663981,5.698099
pdb_00004zfo_H_L,4ZFO,train,chain_matched,10.67778070526608,9.714312
pdb_00004zfo_A_B,4ZFO,train,chain_matched,10.67778070526608,8.315673
pdb_00004zpt_A_B,4ZPT,test,chain_matched,8.003050751504619,8.595622
pdb_00004zpt_H_L,4ZPT,test,chain_matched,8.003050751504619,11.242298
pdb_00004zs6_H_L,4ZS6,test,chain_matched,6.505845405981558,6.900382
pdb_00004zs6_C_D,4ZS6,test,chain_matched,6.505845405981558,7.6409297
pdb_00004zs7_H_L,4ZS7,test,chain_matched,10.67778070526608,7.935824
pdb_00005anm_B_A,5ANM,train,chain_matched,11.709965388637482,7.1863112
pdb_00005b71_D_C,5B71,train,chain_matched,9.818156412055227,7.1863112
pdb_00005b71_B_A,5B71,train,chain_matched,9.818156412055227,7.1863112
pdb_00005bk1_H_L,5BK1,test,chain_matched,8.958607314841775,7.1863112
pdb_00005bk1_C_D,5BK1,test,chain_matched,8.958607314841775,9.125515
pdb_00005bo1_I_M,5BO1,train,chain_matched,9.102372908709558,9.125515
pdb_00005bo1_H_L,5BO1,train,chain_matched,9.102372908709558,9.125515
pdb_00005bvp_H_L,5BVP,test,chain_matched,10.515700160653214,9.125515
pdb_00005c0n_C_D,5C0N,train,chain_matched,5.384049948343599,9.315311
pdb_00005c0n_H_L,5C0N,train,chain_matched,5.384049948343599,9.030531
pdb_00005cil_H_L,5CIL,train,chain_matched,7.387216143280264,8.734406
pdb_00005cin_H_L,5CIN,train,chain_matched,7.744727494896693,8.734406
pdb_00005czv_H_L,5CZV,test,chain_matched,9.522878745280336,8.734406
pdb_00005d1q_B_A,5D1Q,test,chain_matched,10.886056647693165,9.1284485
pdb_00005d1q_C_D,5D1Q,test,chain_matched,10.886056647693165,8.734406
pdb_00005d1x_C_D,5D1X,test,chain_matched,10.67778070526608,8.734406
pdb_00005d1x_B_A,5D1X,test,chain_matched,10.67778070526608,6.8936257
pdb_00005d72_H_L,5D72,test,chain_matched,11.221848749616356,8.246433
pdb_00005d8j_H_L,5D8J,train,chain_matched,8.749579997691106,8.9637985
pdb_00005dd0_H_L,5DD0,train,chain_matched,7.07727454200674,8.093534
pdb_00005dfv_C_D,5DFV,train,chain_matched,9.30102999566398,8.093534
pdb_00005dfv_E_F,5DFV,train,chain_matched,9.30102999566398,7.530236
pdb_00005dmj_B_+,5DMJ,train,chain_matched,8.275724130399212,7.530236
pdb_00005dmj_E_+,5DMJ,train,chain_matched,8.275724130399212,10.128282
pdb_00005dmj_G_+,5DMJ,train,chain_matched,8.275724130399212,9.190508
pdb_00005do2_H_L,5DO2,train,chain_matched,6.790484985457369,9.190508
pdb_00005do2_C_D,5DO2,train,chain_matched,6.790484985457369,8.833471
pdb_00005drz_B_A,5DRZ,train,chain_matched,8.356547323513812,8.799779
pdb_00005drz_H_L,5DRZ,train,chain_matched,8.356547323513812,8.799779
pdb_00005e08_H_L,5E08,test,chain_matched,8.0,10.004369
pdb_00005e2w_H_L,5E2W,train,chain_matched,7.508638306165727,10.004369
pdb_00005e7f_A_+,5E7F,train,chain_matched,8.040958607678906,10.004369
pdb_00005e7f_B_+,5E7F,train,chain_matched,8.040958607678906,10.004369
pdb_00005e7f_C_+,5E7F,train,chain_matched,8.040958607678906,8.998045
pdb_00005e8e_B_A,5E8E,test,chain_matched,8.744727494896694,9.138964
pdb_00005eoc_H_L,5EOC,train,chain_matched,7.518557371497695,8.002972
pdb_00005esq_B_A,5ESQ,train,chain_matched,5.795880017344075,9.165964
pdb_00005etu_B_A,5ETU,train,chain_matched,3.886056647693163,9.173993
pdb_00005etu_D_C,5ETU,train,chain_matched,3.886056647693163,9.298545
pdb_00005f3b_E_F,5F3B,train,chain_matched,11.522878745280336,9.236248
pdb_00005f3b_A_B,5F3B,train,chain_matched,11.522878745280336,9.236248
pdb_00005fcu_H_L,5FCU,train,chain_matched,8.221848749616356,10.857277
pdb_00005ff6_B_A,5FF6,train,chain_matched,5.022276394711152,5.698099
pdb_00005fv2_A_+,5FV2,train,chain_matched,11.1444808443322,5.877969
pdb_00005fv2_B_+,5FV2,train,chain_matched,11.1444808443322,5.877969
pdb_00005fv2_C_+,5FV2,train,chain_matched,11.1444808443322,5.698099
pdb_00005ghw_H_L,5GHW,train,chain_matched,8.017728766960431,5.877969
pdb_00005gkr_A_B,5GKR,test,chain_matched,8.336299074610352,5.877969
pdb_00005grj_H_L,5GRJ,train,chain_matched,10.37571790416433,9.463506
pdb_00005gzo_H_L,5GZO,test,chain_matched,6.786216700664696,10.364514
pdb_00005gzo_C_D,5GZO,test,chain_matched,6.786216700664696,10.364514
pdb_00005hdq_H_L,5HDQ,train,chain_matched,8.920818753952375,6.598174
pdb_00005hgg_T_+,5HGG,train,chain_matched,10.267606240177033,6.598174
pdb_00005hgg_S_+,5HGG,train,chain_matched,10.267606240177033,7.0757546
pdb_00005hhx_H_L,5HHX,test,chain_matched,8.210419287835574,7.0757546
pdb_00005hpm_B_A,5HPM,train,chain_matched,7.130768280269024,10.731008
pdb_00005hpm_D_C,5HPM,train,chain_matched,7.130768280269024,5.698099
pdb_00005hvg_B_+,5HVG,test,chain_matched,9.200659450546418,5.698099
pdb_00005hvg_D_+,5HVG,test,chain_matched,9.200659450546418,7.812031
pdb_00005hyq_D_C,5HYQ,train,chain_matched,6.823908740944319,7.8163204
pdb_00005hyq_B_A,5HYQ,train,chain_matched,6.823908740944319,7.812031
pdb_00005hys_E_F,5HYS,train,chain_matched,10.410050398674292,8.087245
pdb_00005hys_C_D,5HYS,train,chain_matched,10.410050398674292,8.087245
pdb_00005hys_A_B,5HYS,train,chain_matched,10.410050398674292,8.732806
pdb_00005hys_H_L,5HYS,train,chain_matched,10.410050398674292,8.512818
pdb_00005i8c_A_B,5I8C,test,chain_matched,7.602059991327962,9.338617
pdb_00005icx_B_A,5ICX,train,chain_matched,6.958607314841775,8.807866
pdb_00005icx_D_C,5ICX,train,chain_matched,6.958607314841775,8.807866
pdb_00005icy_D_C,5ICY,train,chain_matched,5.060480747381382,8.634783
pdb_00005icz_D_C,5ICZ,train,chain_matched,5.301029995663981,8.634783
pdb_00005icz_B_A,5ICZ,train,chain_matched,5.301029995663981,8.634783
pdb_00005id0_B_A,5ID0,train,chain_matched,5.769551078621726,8.075547
pdb_00005id0_D_C,5ID0,train,chain_matched,5.769551078621726,8.994756
pdb_00005id1_B_A,5ID1,train,chain_matched,6.251811972993799,9.597982
pdb_00005id1_D_C,5ID1,train,chain_matched,6.251811972993799,9.5250845
pdb_00005ikc_H_L,5IKC,train,chain_matched,7.568636235841013,7.4221287
pdb_00005ikc_B_A,5IKC,train,chain_matched,7.568636235841013,7.378325
pdb_00005imk_B_+,5IMK,train,chain_matched,6.070581074285707,7.4221287
pdb_00005imm_B_+,5IMM,train,chain_matched,8.455931955649724,7.378325
pdb_00005iop_D_C,5IOP,train,chain_matched,4.537602002101044,7.4221287
pdb_00005iop_B_A,5IOP,train,chain_matched,4.537602002101044,7.4221287
pdb_00005ip4_B_+,5IP4,train,chain_matched,6.345823458122039,7.2080917
pdb_00005ip4_A_+,5IP4,train,chain_matched,6.345823458122039,7.2080917
pdb_00005itf_B_A,5ITF,train,chain_matched,5.7447274948966935,5.980589
pdb_00005itf_D_C,5ITF,train,chain_matched,5.7447274948966935,9.724143
pdb_00005ivn_A_+,5IVN,test,chain_matched,8.853871964321762,6.670057
pdb_00005j13_C_B,5J13,train,chain_matched,10.221848749616356,6.670057
pdb_00005jds_B_+,5JDS,train,chain_matched,8.522878745280337,10.339976
pdb_00005jhl_H_L,5JHL,train,chain_matched,8.568636235841012,10.339976
pdb_00005jq6_H_L,5JQ6,test,chain_matched,9.102372908709558,10.339976
pdb_00005k59_E_F,5K59,train,chain_matched,11.602059991327964,9.220632
pdb_00005kn5_D_E,5KN5,test,chain_matched,9.991399828238082,4.151113
pdb_00005kn5_A_B,5KN5,test,chain_matched,9.991399828238082,4.284601
pdb_00005kvd_H_L,5KVD,train,chain_matched,6.575118363368933,8.5201845
pdb_00005kvf_H_L,5KVF,train,chain_matched,7.494850021680094,8.243719
pdb_00005kvg_H_L,5KVG,train,chain_matched,8.05551732784983,7.7669353
pdb_00005kzp_E_I,5KZP,train,chain_matched,7.154901959985743,7.360821
pdb_00005kzp_H_L,5KZP,train,chain_matched,7.154901959985743,7.360821
pdb_00005kzp_G_K,5KZP,train,chain_matched,7.154901959985743,7.0527115
pdb_00005kzp_F_J,5KZP,train,chain_matched,7.154901959985743,10.706683
pdb_00005m2i_I_+,5M2I,train,chain_matched,9.267606240177033,10.706683
pdb_00005m2i_H_+,5M2I,train,chain_matched,9.267606240177033,10.706683
pdb_00005m2i_L_+,5M2I,train,chain_matched,9.267606240177033,10.632158
pdb_00005m2i_G_+,5M2I,train,chain_matched,9.267606240177033,10.706683
pdb_00005m2i_K_+,5M2I,train,chain_matched,9.267606240177033,10.706683
pdb_00005m2j_D_+,5M2J,train,chain_matched,9.886056647693165,7.4679136
pdb_00005m2m_J_+,5M2M,train,chain_matched,8.823908740944319,7.9717155
pdb_00005m2m_F_+,5M2M,train,chain_matched,8.823908740944319,8.194857
pdb_00005m2m_H_+,5M2M,train,chain_matched,8.823908740944319,9.766445
pdb_00005m2m_D_+,5M2M,train,chain_matched,8.823908740944319,5.698099
pdb_00005m2m_E_+,5M2M,train,chain_matched,8.823908740944319,5.698099
pdb_00005m2m_N_+,5M2M,train,chain_matched,8.823908740944319,5.698099
pdb_00005mes_H_L,5MES,test,chain_matched,6.468521082957745,5.698099
pdb_00005mev_H_L,5MEV,test,chain_matched,7.0,5.698099
pdb_00005mi0_B_C,5MI0,train,chain_matched,6.3872161432802645,5.698099
pdb_00005my6_B_+,5MY6,train,chain_matched,8.399027104313252,5.698099
pdb_00005myk_B_A,5MYK,train,chain_matched,9.00436480540245,5.698099
pdb_00005myo_B_A,5MYO,test,chain_matched,10.53313237964589,8.18233
pdb_00005myo_D_C,5MYO,test,chain_matched,10.53313237964589,7.624628
pdb_00005myx_D_C,5MYX,train,chain_matched,8.164309428507574,7.1658287
pdb_00005myx_B_A,5MYX,train,chain_matched,8.164309428507574,8.224865
pdb_00005n7w_A_B,5N7W,train,chain_matched,7.096910013008056,8.224865
pdb_00005n7w_H_L,5N7W,train,chain_matched,7.096910013008056,8.224865
pdb_00005n88_H_+,5N88,test,chain_matched,5.994390554639719,8.224865
pdb_00005n88_A_+,5N88,test,chain_matched,5.994390554639719,8.955557
pdb_00005ngv_H_L,5NGV,train,chain_matched,10.795880017344077,9.121092
pdb_00005nh3_I_M,5NH3,train,chain_matched,9.011887159731648,9.121092
pdb_00005nh3_H_L,5NH3,train,chain_matched,9.011887159731648,9.121092
pdb_00005nmv_H_L,5NMV,train,chain_matched,9.0,9.121092
pdb_00005nqw_C_+,5NQW,train,chain_matched,8.853871964321762,7.8277817
pdb_00005nqw_D_+,5NQW,train,chain_matched,8.853871964321762,11.227633
pdb_00005o0w_H_+,5O0W,train,chain_matched,10.131767131577536,9.22528
pdb_00005o0w_F_+,5O0W,train,chain_matched,10.131767131577536,8.801833
pdb_00005o0w_E_+,5O0W,train,chain_matched,10.131767131577536,8.218645
pdb_00005o0w_G_+,5O0W,train,chain_matched,10.131767131577536,8.465057
pdb_00005o2u_D_+,5O2U,train,chain_matched,9.161150909262744,8.465057
pdb_00005o2u_B_+,5O2U,train,chain_matched,9.161150909262744,8.666929
pdb_00005omn_C_+,5OMN,train,chain_matched,8.022276394711152,9.300703
pdb_00005otj_B_A,5OTJ,test,chain_matched,9.769551078621726,9.300703
pdb_00005otj_H_L,5OTJ,test,chain_matched,9.769551078621726,8.085315
pdb_00005sv3_A_+,5SV3,train,chain_matched,9.202732459169283,8.026157
pdb_00005sv3_C_+,5SV3,train,chain_matched,9.202732459169283,8.026157
pdb_00005sx4_J_I,5SX4,train,chain_matched,9.468521082957745,8.026157
pdb_00005sx5_H_L,5SX5,train,chain_matched,8.939302159646388,8.085315
pdb_00005sx5_J_K,5SX5,train,chain_matched,8.939302159646388,8.726191
pdb_00005sy8_H_L,5SY8,train,chain_matched,10.950781977329818,6.8968186
pdb_00005t1k_D_C,5T1K,train,chain_matched,6.275724130399211,6.8968186
pdb_00005t1k_B_A,5T1K,train,chain_matched,6.275724130399211,5.474072
pdb_00005t1l_B_A,5T1L,train,chain_matched,6.619788758288394,5.474072
pdb_00005t1l_D_C,5T1L,train,chain_matched,6.619788758288394,5.474072
pdb_00005t1m_B_A,5T1M,train,chain_matched,5.823908740944319,5.474072
pdb_00005t1m_D_C,5T1M,train,chain_matched,5.823908740944319,6.4610906
pdb_00005t5f_H_L,5T5F,train,chain_matched,9.721246399047171,6.4610906
pdb_00005t6l_A_B,5T6L,train,chain_matched,10.54515513999149,6.4610906
pdb_00005t6l_H_L,5T6L,train,chain_matched,10.54515513999149,6.4610906
pdb_00005t6p_B_A,5T6P,train,chain_matched,6.055517327849832,9.290965
pdb_00005t6p_D_C,5T6P,train,chain_matched,6.055517327849832,9.005063
pdb_00005t78_B_A,5T78,train,chain_matched,7.366531544420414,9.290965
pdb_00005t78_D_C,5T78,train,chain_matched,7.366531544420414,9.005063
pdb_00005tfw_H_L,5TFW,train,chain_matched,10.785156151952302,7.7304063
pdb_00005th2_B_A,5TH2,train,chain_matched,4.522878745280337,7.7304063
pdb_00005th2_D_C,5TH2,train,chain_matched,4.522878745280337,6.641204
pdb_00005tkj_J_K,5TKJ,test,chain_matched,8.145693958198919,6.641204
pdb_00005tkj_D_E,5TKJ,test,chain_matched,8.145693958198919,7.81516
pdb_00005tkj_G_H,5TKJ,test,chain_matched,8.145693958198919,7.81516
pdb_00005tkj_A_B,5TKJ,test,chain_matched,8.145693958198919,7.81516
pdb_00005tkk_H_L,5TKK,test,chain_matched,8.276544327964814,7.7131314
pdb_00005toj_D_+,5TOJ,train,chain_matched,7.638272163982407,7.7131314
pdb_00005toj_E_+,5TOJ,train,chain_matched,7.638272163982407,7.2770724
pdb_00005toj_F_+,5TOJ,train,chain_matched,7.638272163982407,7.2770724
pdb_00005tru_h_l,5TRU,train,chain_matched,7.97469413473523,7.8368635
pdb_00005tru_H_L,5TRU,train,chain_matched,7.97469413473523,6.3915076
pdb_00005tz2_H_L,5TZ2,train,chain_matched,8.950781977329818,8.009439
pdb_00005tzt_A_B,5TZT,train,chain_matched,8.542118103266008,8.009439
pdb_00005u4m_B_+,5U4M,train,chain_matched,9.4089353929735,4.736695
pdb_00005ush_D_E,5USH,train,chain_matched,8.823908740944319,7.0746493
pdb_00005ush_H_L,5USH,train,chain_matched,8.823908740944319,7.0746493
pdb_00005usl_H_L,5USL,test,chain_matched,10.795880017344077,8.425749
pdb_00005utz_F_G,5UTZ,train,chain_matched,8.726073219899474,6.685096
pdb_00005utz_J_K,5UTZ,train,chain_matched,8.726073219899474,6.685096
pdb_00005utz_H_L,5UTZ,train,chain_matched,8.726073219899474,6.5811176
pdb_00005vag_C_B,5VAG,train,chain_matched,8.0268721464003,8.74369
pdb_00005vob_H_L,5VOB,train,chain_matched,9.82390874094432,6.7018027
pdb_00005vpg_D_C,5VPG,test,chain_matched,7.721246399047171,6.431471
pdb_00005vpl_D_C,5VPL,test,chain_matched,7.769551078621726,6.431471
pdb_00005vyf_H_L,5VYF,train,chain_matched,9.7281583934635,7.1586475
pdb_00005vyf_B_A,5VYF,train,chain_matched,9.7281583934635,7.1586475
pdb_00005vzy_H_L,5VZY,test,chain_matched,8.494850021680094,5.998458
pdb_00005w06_H_L,5W06,test,chain_matched,9.853871964321762,5.998458
pdb_00005w08_O_P,5W08,train,chain_matched,7.397940008672037,6.571662
pdb_00005w08_K_L,5W08,train,chain_matched,7.397940008672037,6.2709427
pdb_00005w08_M_N,5W08,train,chain_matched,7.397940008672037,6.250892
pdb_00005w08_G_H,5W08,train,chain_matched,7.397940008672037,6.9315844
pdb_00005w08_I_J,5W08,train,chain_matched,7.397940008672037,6.9315844
pdb_00005w08_Q_R,5W08,train,chain_matched,7.397940008672037,10.098471
pdb_00005w0k_H_L,5W0K,train,chain_matched,7.162411561764489,10.098471
pdb_00005w0k_E_F,5W0K,train,chain_matched,7.162411561764489,9.319977
pdb_00005w6g_H_L,5W6G,train,chain_matched,5.673664139071248,6.0124993
pdb_00005whk_H_L,5WHK,test,chain_matched,8.742321425130816,6.0124993
pdb_00005wi9_F_E,5WI9,train,chain_matched,10.065501548756432,5.6039944
pdb_00005wtt_H_L,5WTT,train,chain_matched,6.6020599913279625,9.036581
pdb_00005wtt_A_B,5WTT,train,chain_matched,6.6020599913279625,9.036581
pdb_00005wux_H_L,5WUX,train,chain_matched,10.562249437179611,8.951637
pdb_00005wux_C_D,5WUX,train,chain_matched,10.562249437179611,8.951637
pdb_00005wux_A_B,5WUX,train,chain_matched,10.562249437179611,8.625767
pdb_00005xjm_H_L,5XJM,train,chain_matched,9.366531544420411,8.625767
pdb_00005xmh_D_C,5XMH,train,chain_matched,3.7958800173443463,7.9979525
pdb_00005xmh_H_L,5XMH,train,chain_matched,3.7958800173443463,6.1637344
pdb_00005xwd_H_D,5XWD,train,chain_matched,8.229147988357855,7.594251
pdb_00005xxy_H_L,5XXY,train,chain_matched,8.001740661576301,7.594251
pdb_00005y11_A_B,5Y11,train,chain_matched,7.586700235918748,7.1978774
pdb_00005y7z_C_+,5Y7Z,train,chain_matched,7.812479279163536,7.1978774
pdb_00005y7z_D_+,5Y7Z,train,chain_matched,7.812479279163536,7.1978774
pdb_00005y80_B_+,5Y80,train,chain_matched,8.790484985457368,7.1978774
pdb_00005yoy_P_M,5YOY,train,chain_matched,10.744727494896694,6.071445
pdb_00005yoy_Q_N,5YOY,train,chain_matched,10.744727494896694,6.99747
pdb_00005yoy_R_O,5YOY,train,chain_matched,10.744727494896694,6.99747
pdb_00005yoy_I_F,5YOY,train,chain_matched,10.744727494896694,7.099596
pdb_00005yoy_H_E,5YOY,train,chain_matched,10.744727494896694,5.777624
pdb_00005yoy_G_D,5YOY,train,chain_matched,10.744727494896694,5.777624
pdb_00005zia_A_B,5ZIA,test,chain_matched,6.522878745280337,8.949777
pdb_00005zia_G_L,5ZIA,test,chain_matched,6.522878745280337,8.949777
pdb_00005zia_H_I,5ZIA,test,chain_matched,6.522878745280337,8.949777
pdb_00005zia_O_P,5ZIA,test,chain_matched,6.522878745280337,8.949777
pdb_00005zia_K_M,5ZIA,test,chain_matched,6.522878745280337,7.420863
pdb_00005zia_D_E,5ZIA,test,chain_matched,6.522878745280337,7.420863
pdb_00006a0z_H_L,6A0Z,train,chain_matched,7.275724130399211,8.721179
pdb_00006ana_H_L,6ANA,train,chain_matched,8.045757490560675,8.721179
pdb_00006ani_H_L,6ANI,train,chain_matched,8.10790539730952,4.666803
pdb_00006aod_B_A,6AOD,train,chain_matched,9.790484985457368,5.873716
pdb_00006axk_A_B,6AXK,test,chain_matched,6.515700160653214,5.873716
pdb_00006axp_D_C,6AXP,train,chain_matched,5.070581074285707,5.780265
pdb_00006axp_B_A,6AXP,train,chain_matched,5.070581074285707,5.8623276
pdb_00006ayn_D_C,6AYN,train,chain_matched,5.036212172654444,7.461186
pdb_00006ayn_B_A,6AYN,train,chain_matched,5.036212172654444,7.478034
pdb_00006azk_B_A,6AZK,train,chain_matched,5.638272163982407,8.989444
pdb_00006azk_D_C,6AZK,train,chain_matched,5.638272163982407,7.9979525
pdb_00006azl_B_A,6AZL,train,chain_matched,4.928117992693875,7.062524
pdb_00006azl_D_C,6AZL,train,chain_matched,4.928117992693875,7.062524
pdb_00006azz_C_B,6AZZ,train,chain_matched,8.173925197299173,7.062524
pdb_00006b0e_B_A,6B0E,train,chain_matched,7.387216143280264,7.062524
pdb_00006b0s_H_L,6B0S,train,chain_matched,6.749579997691106,7.062524
pdb_00006b14_H_L,6B14,test,chain_matched,8.301029995663981,7.062524
pdb_00006b3k_H_L,6B3K,test,chain_matched,6.920818753952375,7.062524
pdb_00006b3s_H_L,6B3S,train,chain_matched,7.920818753952375,7.062524
pdb_00006b3s_J_K,6B3S,train,chain_matched,7.920818753952375,7.0975
pdb_00006b3s_F_G,6B3S,train,chain_matched,7.920818753952375,7.0975
pdb_00006b3s_C_D,6B3S,train,chain_matched,7.920818753952375,8.492992
pdb_00006b5o_H_L,6B5O,test,chain_matched,8.331614083309999,8.492992
pdb_00006b5r_H_L,6B5R,test,chain_matched,8.772113295386326,4.500267
pdb_00006b5t_H_L,6B5T,test,chain_matched,8.655607726314889,4.500267
pdb_00006bit_J_L,6BIT,test,chain_matched,8.585026652029182,4.500267
pdb_00006bit_I_K,6BIT,test,chain_matched,8.585026652029182,4.500267
pdb_00006blh_H_L,6BLH,train,chain_matched,8.387216143280265,4.500267
pdb_00006bli_J_K,6BLI,train,chain_matched,9.2839966563652,9.828529
pdb_00006bli_A_B,6BLI,train,chain_matched,9.2839966563652,8.023336
pdb_00006bli_G_H,6BLI,train,chain_matched,9.2839966563652,7.2668395
pdb_00006bli_D_E,6BLI,train,chain_matched,9.2839966563652,4.500267
pdb_00006cdm_A_B,6CDM,test,chain_matched,9.094204119632131,7.968033
pdb_00006cdm_D_E,6CDM,test,chain_matched,9.094204119632131,9.801182
pdb_00006cdo_A_B,6CDO,test,chain_matched,8.97469413473523,9.801182
pdb_00006cdp_A_B,6CDP,test,chain_matched,8.785156151952302,9.810886
pdb_00006cmg_C_B,6CMG,train,chain_matched,7.562249437179612,9.763857
pdb_00006cwt_A_B,6CWT,train,chain_matched,11.69897000433602,9.801182
pdb_00006d01_E_F,6D01,test,chain_matched,6.543633966870957,9.810886
pdb_00006d01_C_D,6D01,test,chain_matched,6.543633966870957,8.621295
pdb_00006d01_A_B,6D01,test,chain_matched,6.543633966870957,8.224094
pdb_00006d01_G_H,6D01,test,chain_matched,6.543633966870957,6.1848483
pdb_00006db9_H_L,6DB9,test,chain_matched,6.149966742310231,6.1848483
pdb_00006ddm_B_A,6DDM,train,chain_matched,9.3767507096021,6.1848483
pdb_00006ddr_B_A,6DDR,train,chain_matched,9.0268721464003,6.686125
pdb_00006ddv_B_A,6DDV,train,chain_matched,8.23807216157947,7.347448
pdb_00006df1_H_L,6DF1,test,chain_matched,6.557520230935552,7.347448
pdb_00006df2_B_A,6DF2,test,chain_matched,7.242603971206976,6.1768365
pdb_00006df2_H_L,6DF2,test,chain_matched,7.242603971206976,6.1768365
pdb_00006e62_H_L,6E62,train,chain_matched,8.494850021680094,6.1768365
pdb_00006e62_B_C,6E62,train,chain_matched,8.494850021680094,6.1768365
pdb_00006ehg_C_+,6EHG,train,chain_matched,9.619788758288394,6.1768365
pdb_00006f7t_B_A,6F7T,train,chain_matched,9.443697499232712,6.1768365
pdb_00006f7t_H_L,6F7T,train,chain_matched,9.443697499232712,9.690872
pdb_00006fe4_G_+,6FE4,train,chain_matched,8.017728766960431,9.690872
pdb_00006fe4_H_+,6FE4,train,chain_matched,8.017728766960431,9.690872
pdb_00006fe4_I_+,6FE4,train,chain_matched,8.017728766960431,7.2401805
pdb_00006fe4_F_+,6FE4,train,chain_matched,8.017728766960431,7.2401805
pdb_00006fe4_J_+,6FE4,train,chain_matched,8.017728766960431,9.679885
pdb_00006fgb_H_L,6FGB,test,chain_matched,10.229147988357855,8.55431
pdb_00006flb_H_L,6FLB,train,chain_matched,9.0,8.55431
pdb_00006flc_H_L,6FLC,train,chain_matched,6.752763450493236,7.676421
pdb_00006flc_B_A,6FLC,train,chain_matched,6.752763450493236,9.082582
pdb_00006h06_A_B,6H06,train,chain_matched,5.251811972993799,8.075222
pdb_00006h06_E_F,6H06,train,chain_matched,5.251811972993799,8.101829
pdb_00006h06_H_L,6H06,train,chain_matched,5.251811972993799,8.101829
pdb_00006h06_C_D,6H06,train,chain_matched,5.251811972993799,8.075222
pdb_00006h0e_C_D,6H0E,train,chain_matched,6.619788758288394,8.806854
pdb_00006h0e_H_L,6H0E,train,chain_matched,6.619788758288394,6.545964
pdb_00006h0e_A_B,6H0E,train,chain_matched,6.619788758288394,5.679571
pdb_00006h0e_E_F,6H0E,train,chain_matched,6.619788758288394,5.679571
pdb_00006h7n_C_+,6H7N,train,chain_matched,8.455931955649724,7.7788754
pdb_00006h7n_D_+,6H7N,train,chain_matched,8.455931955649724,7.7788754
pdb_00006h7o_C_+,6H7O,train,chain_matched,9.853871964321762,7.8131742
pdb_00006h7o_D_+,6H7O,train,chain_matched,9.853871964321762,7.7788754
pdb_00006ii4_E_F,6II4,train,chain_matched,7.779891911959945,7.8430433
pdb_00006ii4_H_L,6II4,train,chain_matched,7.779891911959945,7.8430433
pdb_00006ii8_H_L,6II8,train,chain_matched,6.413412695328245,8.76817
pdb_00006ii8_G_I,6II8,train,chain_matched,6.413412695328245,8.76817
pdb_00006ii9_H_L,6II9,train,chain_matched,7.712198270069773,6.447376
pdb_00006ii9_M_N,6II9,train,chain_matched,7.712198270069773,8.26469
pdb_00006ii9_P_Q,6II9,train,chain_matched,7.712198270069773,8.761325
pdb_00006mhr_A_B,6MHR,train,chain_matched,7.657577319177793,9.644043
pdb_00006mhr_D_E,6MHR,train,chain_matched,7.657577319177793,8.761325
pdb_00006mi2_D_E,6MI2,train,chain_matched,7.161150909262744,8.98921
pdb_00006mi2_A_B,6MI2,train,chain_matched,7.161150909262744,9.230977
pdb_00006mlk_H_L,6MLK,train,chain_matched,7.886056647693163,8.596676
pdb_00006mnf_H_L,6MNF,train,chain_matched,5.886056647693163,9.551889
pdb_00001a4k_H_L,1A4K,train,pdb_only,8.0,9.551889
pdb_00001a4k_B_A,1A4K,train,pdb_only,8.0,7.1615973
pdb_00001aj7_H_L,1AJ7,train,pdb_only,3.869666231504994,7.1615973
pdb_00001axs_H_L,1AXS,train,pdb_only,7.769551078621726,8.200126
pdb_00001axs_B_A,1AXS,train,pdb_only,7.769551078621726,9.180795
pdb_00001c12_B_A,1C12,train,pdb_only,8.721246399047171,9.597611
pdb_00001c5c_H_L,1C5C,test,pdb_only,6.958607314841775,9.524747
pdb_00001ct8_B_A,1CT8,train,pdb_only,6.522878745280337,7.7614574
pdb_00001ct8_D_C,1CT8,train,pdb_only,6.522878745280337,7.406209
pdb_00001d6v_H_L,1D6V,train,pdb_only,6.173925197299173,10.863088
pdb_00001dbb_H_L,1DBB,train,pdb_only,9.0,8.402517
pdb_00001dl7_H_L,1DL7,train,pdb_only,6.494850021680094,8.402517
pdb_00001dzb_B1_B2,1DZB,train,pdb_only,6.2839966563652006,9.62906
pdb_00001dzb_A1_A2,1DZB,train,pdb_only,6.2839966563652006,9.10872
pdb_00001etz_B_A,1ETZ,train,pdb_only,7.136677139879544,10.623841
pdb_00001etz_H_L,1ETZ,train,pdb_only,7.136677139879544,9.570068
pdb_00001f4x_H_L,1F4X,train,pdb_only,5.59176003468815,7.193368
pdb_00001f4y_H_L,1F4Y,train,pdb_only,6.079354998593212,8.002406
pdb_00001fl3_A_B,1FL3,test,pdb_only,6.795880017344075,7.4838524
pdb_00001fl3_H_L,1FL3,test,pdb_only,6.795880017344075,7.4838524
pdb_00001fl6_B_A,1FL6,test,pdb_only,4.6020599913279625,7.431199
pdb_00001fl6_H_L,1FL6,test,pdb_only,4.6020599913279625,7.4838524
pdb_00001gaf_H_L,1GAF,train,pdb_only,8.0,7.3010445
pdb_00001h8s_B2_B1,1H8S,train,pdb_only,5.8124792791635365,7.59779
pdb_00001h8s_A2_A1,1H8S,train,pdb_only,5.8124792791635365,5.962239
pdb_00001hez_B_A,1HEZ,train,pdb_only,6.838631997765025,7.9284368
pdb_00001hez_D_C,1HEZ,train,pdb_only,6.838631997765025,9.71608
pdb_00001i7z_D_C,1I7Z,test,pdb_only,6.3979400086720375,10.1556835
pdb_00001i7z_B_A,1I7Z,test,pdb_only,6.3979400086720375,8.264733
pdb_00001igj_B_A,1IGJ,train,pdb_only,10.379863945026242,10.718186
pdb_00001igj_D_C,1IGJ,train,pdb_only,10.379863945026242,10.718186
pdb_00001ind_H_L,1IND,train,pdb_only,9.602059991327964,5.3235693
pdb_00001kel_H_L,1KEL,test,pdb_only,7.431798275933005,5.845658
pdb_00001m7d_B_A,1M7D,train,pdb_only,6.229147988357856,5.845658
pdb_00001m7i_B_A,1M7I,train,pdb_only,5.3979400086720375,8.41084
pdb_00001mfd_H_L,1MFD,train,pdb_only,5.309803919971486,8.355629
pdb_00001mh5_H_L,1MH5,train,pdb_only,9.214670164989233,8.368522
pdb_00001mh5_B_A,1MH5,train,pdb_only,9.214670164989233,8.368522
pdb_00001mhh_D_C,1MHH,train,pdb_only,9.0,8.41084
pdb_00001mhh_B_A,1MHH,train,pdb_only,9.0,8.368522
pdb_00001mjj_H_L,1MJJ,train,pdb_only,8.73754891026957,8.368522
pdb_00001mjj_B_A,1MJJ,train,pdb_only,8.73754891026957,8.368522
pdb_00001mpa_H_L,1MPA,train,pdb_only,8.040958607678906,11.094696
pdb_00001n7m_L_H,1N7M,train,pdb_only,5.707743928643524,9.199525
pdb_00001ngw_H_L,1NGW,train,pdb_only,7.684029654543083,6.474327
pdb_00001ngw_B_A,1NGW,train,pdb_only,7.684029654543083,5.698099
pdb_00001oar_H_L,1OAR,train,pdb_only,7.397940008672037,10.638611
pdb_00001oar_J_N,1OAR,train,pdb_only,7.397940008672037,5.877969
pdb_00001oau_H_L,1OAU,train,pdb_only,7.698970004336019,6.3079453
pdb_00001oau_J_N,1OAU,train,pdb_only,7.698970004336019,8.628192
pdb_00001oay_H_L,1OAY,train,pdb_only,5.920818753952375,8.917045
pdb_00001q72_H_L,1Q72,train,pdb_only,6.853871964321762,8.759046
pdb_00001qyg_H_L,1QYG,train,pdb_only,6.853871964321762,11.242298
pdb_00001s3k_H_L,1S3K,train,pdb_only,6.619788758288394,8.66958
pdb_00001uz8_H_L,1UZ8,train,pdb_only,4.958607314841775,8.698521
pdb_00001uz8_B_A,1UZ8,train,pdb_only,4.958607314841775,8.752009
pdb_00001y0l_B_A,1Y0L,train,pdb_only,9.0,8.816052
pdb_00001y0l_F_E,1Y0L,train,pdb_only,9.0,8.698521
pdb_00001y0l_H_L,1Y0L,train,pdb_only,9.0,7.592722
pdb_00001y0l_D_C,1Y0L,train,pdb_only,9.0,7.7802734
pdb_00001yei_H_L,1YEI,train,pdb_only,7.455931955649724,6.5832863
pdb_00001yej_H_L,1YEJ,train,pdb_only,7.455931955649724,7.992755
pdb_00001zea_H_L,1ZEA,test,pdb_only,5.221848749616356,9.322178
pdb_00002b2x_I_M,2B2X,train,pdb_only,8.76447155309245,7.2018085
pdb_00002b2x_H_L,2B2X,train,pdb_only,8.76447155309245,7.2018085
pdb_00002bjm_H_L,2BJM,train,pdb_only,3.698970004336236,7.625522
pdb_00002bmk_B_A,2BMK,train,pdb_only,5.619788758288394,9.237522
pdb_00002bmk_H_L,2BMK,train,pdb_only,5.619788758288394,9.414401
pdb_00002c1p_H_L,2C1P,train,pdb_only,5.3979400086720375,9.537218
pdb_00002c1p_B_A,2C1P,train,pdb_only,5.3979400086720375,9.562538
pdb_00002cgr_H_L,2CGR,train,pdb_only,7.275724130399211,8.3528595
pdb_00002cmr_H_L,2CMR,test,pdb_only,10.30102999566398,8.3528595
pdb_00002e27_H_L,2E27,train,pdb_only,9.346787486224656,8.3528595
pdb_00002fl5_F_E,2FL5,test,pdb_only,8.744727494896694,8.512818
pdb_00002fl5_B_A,2FL5,test,pdb_only,8.744727494896694,6.9322286
pdb_00002fl5_H_L,2FL5,test,pdb_only,8.744727494896694,7.204008
pdb_00002fl5_D_C,2FL5,test,pdb_only,8.744727494896694,6.9322286
pdb_00002g2r_B_A,2G2R,test,pdb_only,7.886056647693163,7.204008
pdb_00002g2r_H_L,2G2R,test,pdb_only,7.886056647693163,6.101919
pdb_00002jb5_H_L,2JB5,train,pdb_only,9.221848749616356,8.634783
pdb_00002mpa_H_L,2MPA,train,pdb_only,8.040958607678906,8.509133
pdb_00002ntf_B_A,2NTF,test,pdb_only,6.522878745280337,8.509133
pdb_00002ntf_H_L,2NTF,test,pdb_only,6.522878745280337,9.724143
pdb_00002nxy_D_C,2NXY,train,pdb_only,6.102372908709558,6.6996737
pdb_00002nxz_D_C,2NXZ,train,pdb_only,6.276544327964814,8.777359
pdb_00002ny1_D_C,2NY1,train,pdb_only,6.694648630553377,8.777359
pdb_00002ny2_D_C,2NY2,train,pdb_only,6.910094888560602,8.194857
pdb_00002ny3_D_C,2NY3,train,pdb_only,6.088842391260023,5.698099
pdb_00002ny4_D_C,2NY4,train,pdb_only,6.354577730650908,5.698099
pdb_00002ny5_H_L,2NY5,train,pdb_only,6.496209316942819,8.18233
pdb_00002ny6_D_C,2NY6,train,pdb_only,7.732828271596986,8.023372
pdb_00002ny7_H_L,2NY7,test,pdb_only,7.438898616350944,8.370724
pdb_00002p46_B_+,2P46,train,pdb_only,6.935542010773082,7.58464
pdb_00002p46_D_+,2P46,train,pdb_only,6.935542010773082,7.9202013
pdb_00002pcp_B_A,2PCP,train,pdb_only,8.698970004336019,7.9202013
pdb_00002pcp_D_C,2PCP,train,pdb_only,8.698970004336019,7.9202013
pdb_00002r1w_B_A,2R1W,train,pdb_only,4.6020599913279625,6.970159
pdb_00002r1x_B_A,2R1X,train,pdb_only,4.795880017344075,6.970159
pdb_00002r1y_B_A,2R1Y,train,pdb_only,4.508638306165727,8.962741
pdb_00002r23_B_A,2R23,train,pdb_only,3.7212463990474,7.4007025
pdb_00002r2b_B_A,2R2B,train,pdb_only,4.200659450546418,8.39045
pdb_00002vxs_J_N,2VXS,test,pdb_only,8.67778070526608,8.39045
pdb_00002vxs_H_L,2VXS,test,pdb_only,8.67778070526608,9.082439
pdb_00002vxs_K_O,2VXS,test,pdb_only,8.67778070526608,9.082439
pdb_00002vxs_I_M,2VXS,test,pdb_only,8.67778070526608,9.041297
pdb_00002xzc_H_L,2XZC,test,pdb_only,5.638272163982407,9.041297
pdb_00002yk1_H_L,2YK1,test,pdb_only,8.130768280269024,5.9705863
pdb_00002ypv_H_L,2YPV,train,pdb_only,10.522878745280336,5.9705863
pdb_00002z92_A_B,2Z92,train,pdb_only,7.954677021213342,6.3915076
pdb_00003be1_H_L,3BE1,train,pdb_only,7.585026652029182,6.3915076
pdb_00003bpc_B_A,3BPC,train,pdb_only,4.795880017344075,5.577534
pdb_00003eys_H_L,3EYS,train,pdb_only,5.522878745280337,5.577534
pdb_00003fku_Y1_Y2,3FKU,train,pdb_only,9.886056647693165,6.3915076
pdb_00003fku_X1_X2,3FKU,train,pdb_only,9.886056647693165,6.3915076
pdb_00003fku_U1_U2,3FKU,train,pdb_only,9.886056647693165,7.4395165
pdb_00003fku_S1_S2,3FKU,train,pdb_only,9.886056647693165,7.2599936
pdb_00003fku_Z1_Z2,3FKU,train,pdb_only,9.886056647693165,7.132157
pdb_00003fku_T1_T2,3FKU,train,pdb_only,9.886056647693165,7.9055543
pdb_00003gkz_A1_A2,3GKZ,train,pdb_only,8.0,8.313864
pdb_00003gm0_A1_A2,3GM0,train,pdb_only,7.769551078621726,8.129942
pdb_00003hzk_B_A,3HZK,train,pdb_only,6.698970004336019,7.772382
pdb_00003hzm_B_A,3HZM,train,pdb_only,5.522878745280337,8.142338
pdb_00003hzv_B_A,3HZV,train,pdb_only,6.522878745280337,8.142338
pdb_00003hzy_B_A,3HZY,train,pdb_only,7.0,7.6207995
pdb_00003i02_D_C,3I02,train,pdb_only,7.522878745280337,8.722882
pdb_00003i02_B_A,3I02,train,pdb_only,7.522878745280337,8.722882
pdb_00003i9g_H_L,3I9G,test,pdb_only,8.958607314841775,8.241292
pdb_00003idx_H_L,3IDX,test,pdb_only,8.393618634889394,8.220784
pdb_00003idy_H_L,3IDY,test,pdb_only,8.393618634889394,7.864463
pdb_00003idy_B_C,3IDY,test,pdb_only,8.393618634889394,7.88063
pdb_00003ijh_B_A,3IJH,train,pdb_only,4.0,8.165897
pdb_00003ijh_D_C,3IJH,train,pdb_only,4.0,7.893029
pdb_00003ijy_B_A,3IJY,train,pdb_only,6.040958607678906,7.893029
pdb_00003ijy_D_C,3IJY,train,pdb_only,6.040958607678906,8.298024
pdb_00003ikc_B_A,3IKC,train,pdb_only,7.455931955649724,8.6922455
pdb_00003ikc_D_C,3IKC,train,pdb_only,7.455931955649724,8.6922455
pdb_00003iu3_H_L,3IU3,train,pdb_only,9.853871964321762,7.4232416
pdb_00003iu3_A_B,3IU3,train,pdb_only,9.853871964321762,9.3786335
pdb_00003iu3_C_D,3IU3,train,pdb_only,9.853871964321762,9.3786335
pdb_00003kdm_H_L,3KDM,train,pdb_only,7.0,8.9879265
pdb_00003kdm_B_A,3KDM,train,pdb_only,7.0,8.9879265
pdb_00003l5x_H_L,3L5X,train,pdb_only,9.570247719997592,8.9879265
pdb_00003l95_H_L,3L95,train,pdb_only,8.602059991327963,8.9879265
pdb_00003l95_B_A,3L95,train,pdb_only,8.602059991327963,7.403626
pdb_00003ma9_H_L,3MA9,train,pdb_only,8.0,7.4045753
pdb_00003n85_H_L,3N85,train,pdb_only,9.102372908709558,8.248278
pdb_00003ngb_J_K,3NGB,train,pdb_only,8.113509274827518,8.392895
pdb_00003ngb_E_F,3NGB,train,pdb_only,8.113509274827518,7.7459364
pdb_00003ngb_H_L,3NGB,train,pdb_only,8.113509274827518,7.7459364
pdb_00003ngb_B_C,3NGB,train,pdb_only,8.113509274827518,8.250718
pdb_00003ogo_E_+,3OGO,train,pdb_only,8.853871964321762,8.3846445
pdb_00003q1s_H_L,3Q1S,train,pdb_only,7.136677139879544,8.3846445
pdb_00003qxt_B_+,3QXT,train,pdb_only,5.221848749616356,8.941137
pdb_00003qxt_A_+,3QXT,train,pdb_only,5.221848749616356,7.6750197
pdb_00003qxv_B_+,3QXV,train,pdb_only,8.397940008672037,8.625299
pdb_00003qxv_C_+,3QXV,train,pdb_only,8.397940008672037,7.436262
pdb_00003qxv_D_+,3QXV,train,pdb_only,8.397940008672037,7.436262
pdb_00003qxv_A_+,3QXV,train,pdb_only,8.397940008672037,9.378485
pdb_00003ubx_H_L,3UBX,train,pdb_only,7.598599459218456,8.375436
pdb_00003ubx_G_I,3UBX,train,pdb_only,7.598599459218456,8.353421
pdb_00003uc0_H_L,3UC0,train,pdb_only,8.886056647693163,8.193874
pdb_00003uc0_I_M,3UC0,train,pdb_only,8.886056647693163,7.526114
pdb_00003ux9_D2_D1,3UX9,test,pdb_only,9.1266793981846,7.518705
pdb_00003ux9_B2_B1,3UX9,test,pdb_only,9.1266793981846,8.5938425
pdb_00003uyp_A1_A2,3UYP,train,pdb_only,5.3872161432802645,7.75218
pdb_00003uze_B1_B2,3UZE,train,pdb_only,8.096910013008056,7.75218
pdb_00003uze_A1_A2,3UZE,train,pdb_only,8.096910013008056,7.6051373
pdb_00003uzq_A1_A2,3UZQ,train,pdb_only,10.086186147616283,8.7858095
pdb_00003uzv_B1_B2,3UZV,train,pdb_only,9.366531544420411,8.512274
pdb_00003w2d_H_L,3W2D,train,pdb_only,9.237546517636453,8.189955
pdb_00003zkq_D_+,3ZKQ,test,pdb_only,8.920818753952375,8.584913
pdb_00004ala_H_L,4ALA,train,pdb_only,9.327902142064282,8.584913
pdb_00004dkf_I_M,4DKF,train,pdb_only,8.508638306165727,8.584913
pdb_00004etq_H_L,4ETQ,train,pdb_only,9.744727494896694,8.628015
pdb_00004etq_A_B,4ETQ,train,pdb_only,9.744727494896694,8.584913
pdb_00004f9l_D2_D1,4F9L,train,pdb_only,7.180456064458131,8.584913
pdb_00004f9l_C2_C1,4F9L,train,pdb_only,7.180456064458131,8.584913
pdb_00004fab_H_L,4FAB,train,pdb_only,8.079354998593212,8.584913
pdb_00004gqp_H1_H2,4GQP,train,pdb_only,9.602059991327964,8.584913
pdb_00004hjj_H2_L2,4HJJ,train,pdb_only,9.795880017344077,8.628015
pdb_00004hjj_H1_L1,4HJJ,train,pdb_only,9.795880017344077,8.584913
pdb_00004i18_H_L,4I18,test,pdb_only,8.2518119729938,8.584913
pdb_00004i18_A_B,4I18,test,pdb_only,8.2518119729938,8.308214
pdb_00004jan_A_B,4JAN,train,pdb_only,7.698970004336019,8.341378
pdb_00004jkp_H_L,4JKP,train,pdb_only,7.292429823902063,8.115235
pdb_00004jn2_H_L,4JN2,train,pdb_only,11.67778070526608,8.34289
pdb_00004jzj_H_L,4JZJ,train,pdb_only,8.397940008672037,8.34289
pdb_00004jzj_A_B,4JZJ,train,pdb_only,8.397940008672037,8.855796
pdb_00004k2u_I_M,4K2U,train,pdb_only,10.8153085691824,8.049854
pdb_00004k94_H_L,4K94,train,pdb_only,9.200659450546418,7.913245
pdb_00004k9e_H_L,4K9E,train,pdb_only,11.193820026016112,9.118544
pdb_00004lqf_H_L,4LQF,train,pdb_only,10.190440285364732,8.500713
pdb_00004m7j_H_L,4M7J,test,pdb_only,6.1073489661227,8.34853
pdb_00004nj9_H_L,4NJ9,train,pdb_only,6.966576244513051,9.027864
pdb_00004nja_H_L,4NJA,train,pdb_only,6.221848749616356,9.077393
pdb_00004r2g_J_I,4R2G,train,pdb_only,7.468521082957745,8.168542
pdb_00004r2g_Q_P,4R2G,train,pdb_only,7.468521082957745,8.417453
pdb_00004r2g_N_M,4R2G,train,pdb_only,7.468521082957745,7.8964496
pdb_00004r2g_D_C,4R2G,train,pdb_only,7.468521082957745,8.202492
pdb_00004u6v_K_M,4U6V,test,pdb_only,11.0,8.295659
pdb_00004u6v_H_L,4U6V,test,pdb_only,11.0,8.09582
pdb_00004uil_H_L,4UIL,train,pdb_only,7.236572006437063,8.09582
pdb_00004uin_H_L,4UIN,train,pdb_only,7.619788758288394,8.339876
pdb_00004wem_B_+,4WEM,train,pdb_only,5.167491087293763,8.618614
pdb_00004x7e_D_+,4X7E,test,pdb_only,8.154901959985743,8.839859
pdb_00004x7f_C_+,4X7F,train,pdb_only,7.552841968657781,7.6629553
pdb_00004y8d_D_+,4Y8D,test,pdb_only,8.050609993355087,8.490049
pdb_00004yhm_H_L,4YHM,train,pdb_only,9.761953896871203,8.223378
pdb_00004yho_H_L,4YHO,train,pdb_only,10.744727494896694,7.859521
pdb_00004yhz_H_L,4YHZ,train,pdb_only,7.958607314841775,7.859521
pdb_00004z5r_W_V,4Z5R,train,pdb_only,10.744727494896694,8.949248
pdb_00004z5r_Q_P,4Z5R,train,pdb_only,10.744727494896694,8.949248
pdb_00005a2i_H1_H2,5A2I,train,pdb_only,5.055517327849831,8.327453
pdb_00005a2j_H1_H2,5A2J,train,pdb_only,5.853871964321762,8.327453
pdb_00005a2k_H1_H2,5A2K,train,pdb_only,6.346787486224656,8.038238
pdb_00005aam_B1_B2,5AAM,train,pdb_only,8.42021640338319,8.01176
pdb_00005aam_A1_A2,5AAM,train,pdb_only,8.42021640338319,8.116257
pdb_00005aaw_H1_H2,5AAW,train,pdb_only,8.364516253185087,8.116257
pdb_00005aaw_K1_K2,5AAW,train,pdb_only,8.364516253185087,8.081247
pdb_00005aaw_F1_F2,5AAW,train,pdb_only,8.364516253185087,8.081247
pdb_00005aaw_D1_D2,5AAW,train,pdb_only,8.364516253185087,8.081247
pdb_00005aaw_A1_A2,5AAW,train,pdb_only,8.364516253185087,8.081247
pdb_00005aaw_B1_B2,5AAW,train,pdb_only,8.364516253185087,7.350596
pdb_00005alb_H_L,5ALB,test,pdb_only,10.707743928643524,8.194368
pdb_00005anm_D_C,5ANM,train,pdb_only,11.709965388637482,7.8177905
pdb_00005c7x_H_L,5C7X,test,pdb_only,12.397940008672036,7.6996956
pdb_00005cd5_C_D,5CD5,test,pdb_only,6.539102157243452,8.213901
pdb_00005czx_H_L,5CZX,test,pdb_only,9.221848749616356,8.292733
pdb_00005czx_C_D,5CZX,test,pdb_only,9.221848749616356,8.874853
pdb_00005dfw_H1_H2,5DFW,train,pdb_only,9.30102999566398,8.012136
pdb_00005dyo_H_L,5DYO,test,pdb_only,10.214670164989233,8.025844
pdb_00005dyo_A_B,5DYO,test,pdb_only,10.214670164989233,8.140684
pdb_00005e2v_H_L,5E2V,train,pdb_only,6.080398976215889,8.025844
pdb_00005ff6_D_C,5FF6,train,pdb_only,5.022276394711152,8.025844
pdb_00005fhx_H2_L1,5FHX,train,pdb_only,10.920818753952377,8.140684
pdb_00005fhx_H1_L2,5FHX,test,pdb_only,10.920818753952377,7.9266143
pdb_00005hvf_B_+,5HVF,test,pdb_only,10.522878745280336,8.229499
pdb_00005icy_B_A,5ICY,train,pdb_only,5.060480747381382,8.236737
pdb_00005igx_H_L,5IGX,train,pdb_only,6.148130399270234,8.053082
pdb_00005j3h_C_D,5J3H,test,pdb_only,8.602059991327963,8.137532
pdb_00005j56_B_+,5J56,train,pdb_only,8.494850021680094,7.8380766
pdb_00005j74_B1_B2,5J74,train,pdb_only,8.721246399047171,8.861149
pdb_00005j74_A1_A2,5J74,train,pdb_only,8.721246399047171,8.861149
pdb_00005jyl_B1_B2,5JYL,test,pdb_only,8.060480747381382,8.380962
pdb_00005k59_H_L,5K59,train,pdb_only,11.602059991327964,8.380962
pdb_00005kov_E1_E2,5KOV,train,pdb_only,8.7281583934635,7.673761
pdb_00005kov_K1_K2,5KOV,train,pdb_only,8.7281583934635,8.302937
pdb_00005kov_U1_U2,5KOV,train,pdb_only,8.7281583934635,7.9597
pdb_00005kov_I1_I2,5KOV,train,pdb_only,8.7281583934635,7.9597
pdb_00005kov_C1_C2,5KOV,train,pdb_only,8.7281583934635,7.9597
pdb_00005kve_L2_L1,5KVE,train,pdb_only,7.455931955649724,7.9597
pdb_00005kw9_H_L,5KW9,train,pdb_only,7.688246138944246,8.198717
pdb_00005l6y_H_L,5L6Y,test,pdb_only,10.236572006437065,8.949414
pdb_00005lcv_H_L,5LCV,train,pdb_only,6.075720713938118,8.87992
pdb_00005lhn_B_+,5LHN,train,pdb_only,7.950781977329818,8.87992
pdb_00005m2i_J_+,5M2I,train,pdb_only,9.267606240177033,8.687009
pdb_00005m63_H_L,5M63,train,pdb_only,6.958607314841775,7.053308
pdb_00005m63_M_N,5M63,train,pdb_only,6.958607314841775,8.3888855
pdb_00005mzv_D_+,5MZV,train,pdb_only,7.443697499232712,8.3888855
pdb_00005sx4_H_L,5SX4,train,pdb_only,9.468521082957745,8.011284
pdb_00005t29_H_L,5T29,train,pdb_only,9.421360790031928,8.011284
pdb_00005t5b_A_B,5T5B,train,pdb_only,9.910094888560602,8.068316
pdb_00005t5b_H_L,5T5B,train,pdb_only,9.910094888560602,8.068316
pdb_00005te4_H_L,5TE4,train,pdb_only,8.00436480540245,7.297702
pdb_00005te6_H_L,5TE6,train,pdb_only,8.586700235918748,7.9237385
pdb_00005te7_H_L,5TE7,train,pdb_only,8.55129368009492,8.463539
pdb_00005tzt_H_L,5TZT,train,pdb_only,8.542118103266008,8.292414
pdb_00005u7m_H_L,5U7M,train,pdb_only,6.7447274948966935,8.292414
pdb_00005u7m_D_E,5U7M,train,pdb_only,6.7447274948966935,8.292414
pdb_00005u7o_H_L,5U7O,train,pdb_only,7.136677139879544,8.292414
pdb_00005u7o_D_E,5U7O,train,pdb_only,7.136677139879544,7.81753
pdb_00005u8q_H_L,5U8Q,train,pdb_only,5.619788758288394,7.81753
pdb_00005utz_B_C,5UTZ,train,pdb_only,8.726073219899474,6.9947596
pdb_00005vm0_A_+,5VM0,train,pdb_only,8.795880017344075,6.9947596
pdb_00005vm0_B_+,5VM0,train,pdb_only,8.795880017344075,7.9328732
pdb_00005wi9_H_L,5WI9,train,pdb_only,10.065501548756432,8.339876
pdb_00005wt9_H_L,5WT9,test,pdb_only,8.838631997765026,8.339876
pdb_00005ywy_H_L,5YWY,test,pdb_only,7.229147988357855,8.3630295
pdb_00005yy4_A1_A2,5YY4,train,pdb_only,6.431798275933005,8.339876
pdb_00006a67_H_L,6A67,train,pdb_only,8.998266287190999,8.227579
pdb_00006a67_C_D,6A67,train,pdb_only,8.998266287190999,7.5550985
pdb_00006ani_I_M,6ANI,train,pdb_only,8.10790539730952,8.392523
pdb_00006au5_B_A,6AU5,train,pdb_only,5.568636235841013,8.154526
pdb_00006au5_D_C,6AU5,train,pdb_only,5.568636235841013,8.154526
pdb_00006axl_D_C,6AXL,test,pdb_only,7.107905397309519,8.154526
pdb_00006axl_A_B,6AXL,test,pdb_only,7.107905397309519,9.151725
pdb_00006azz_F_E,6AZZ,train,pdb_only,8.173925197299173,9.151725
pdb_00006b08_C_B,6B08,train,pdb_only,7.795880017344075,8.290191
pdb_00006b0a_H_L,6B0A,train,pdb_only,8.431798275933005,8.17161
pdb_00006b0g_D_C,6B0G,train,pdb_only,7.508638306165727,8.17161
pdb_00006bb4_H_L,6BB4,train,pdb_only,7.812479279163536,8.025125
pdb_00006bb4_J_N,6BB4,train,pdb_only,7.812479279163536,8.21112
pdb_00006bb4_I_M,6BB4,train,pdb_only,7.812479279163536,8.21112
pdb_00006bck_H_L,6BCK,test,pdb_only,9.065501548756432,8.189955
pdb_00006bf4_B_C,6BF4,train,pdb_only,6.749579997691106,8.25594
pdb_00006bf4_H_L,6BF4,train,pdb_only,6.749579997691106,8.276163
pdb_00006bkc_H_L,6BKC,train,pdb_only,9.096910013008056,8.262977
pdb_00006cbp_A1_A2,6CBP,train,pdb_only,5.154901959985743,8.129912
pdb_00006e63_H_L,6E63,train,pdb_only,8.431798275933005,9.056031
pdb_00006e63_B_C,6E63,train,pdb_only,8.431798275933005,9.056031
pdb_00006ejg_C2_C1,6EJG,train,pdb_only,9.09151498112135,7.6961317
pdb_00006ejg_D2_D1,6EJG,train,pdb_only,9.09151498112135,7.6961317
pdb_00006ejm_I1_I2,6EJM,train,pdb_only,9.065501548756432,7.9990582
pdb_00006ejm_H1_H2,6EJM,train,pdb_only,9.065501548756432,7.8304405
pdb_00006mft_A_B,6MFT,train,pdb_only,5.638272163982407,7.5106444
pdb_00006mft_H_L,6MFT,train,pdb_only,5.638272163982407,8.598674
pdb_00006mnf_M_K,6MNF,train,pdb_only,5.886056647693163,8.295752
pdb_00006msy_H_L,6MSY,train,pdb_only,7.0,8.379734
pdb_00006mu3_M_K,6MU3,train,pdb_only,6.154901959985743,7.6903634
pdb_00006mu3_H_L,6MU3,train,pdb_only,6.154901959985743,7.943001
pdb_00006mub_H_L,6MUB,train,pdb_only,7.0,7.943001
pdb_00006mub_M_K,6MUB,train,pdb_only,7.0,7.313142
